stt,category_id ,budget_id,name ,brand ,price ,image_path,description ,note
1,phones,1,?i?n tho?i Nokia 220 4G,Nokia,990,/backend/data/images/phone/phone_01.jpg,"Nokia 220 4G là ?i?n tho?i ph? thông b?n b?, hi?n ??i v?i k?t n?i 4G t?c ?? cao và cu?c g?i VoLTE s?c nét. S?n ph?m lý t??ng làm máy ph? nghe g?i cho ng??i b?n r?n, ho?c quà t?ng cho ng??i l?n tu?i c?n s? ??n gi?n, phím b?m l?n và loa ngoài rõ ràng.
Máy s? h?u thi?t k? ""n?i ??ng c?i ?á"" ??c tr?ng c?a Nokia, ch?ng va ??p t?t và th?i l??ng pin ch? nhi?u ngày. Tích h?p s?n trình duy?t web, Facebook, ?ài FM không c?n tai nghe và trò ch?i Snake huy?n tho?i, mang l?i tr?i nghi?m liên l?c tin c?y và gi?i trí c? b?n m?i lúc m?i n?i.","budget id: 1 = low, 2 = mid, 3 = lux"
2,,1,?i?n tho?i Masstel IZI 10,,400,/backend/data/images/phone/phone_02.jpg,"Masstel IZI 10 là ?i?n tho?i ph? thông nh? g?n, siêu b?n v?i phím b?m l?n và loa tho?i c?c to. S?n ph?m là l?a ch?n hàng ??u làm máy ph? nghe g?i d? phòng ho?c quà t?ng cho ng??i già c?n s? ??n gi?n, d? s? d?ng.
Máy h? tr? 2 SIM 2 sóng ?n ??nh, tích h?p ?èn pin siêu sáng và ?ài FM không c?n tai nghe ti?n l?i. V?i viên pin b?n b? cho th?i gian ch? nhi?u ngày và thi?t k? ch?c ch?n, ch?ng va ??p t?t, IZI 10 mang l?i tr?i nghi?m liên l?c thông su?t, tin c?y v?i chi phí ti?t ki?m nh?t.",
3,,1,?i?n tho?i Honor X7d 8GB/128GB,Honor,5790,/backend/data/images/phone/phone_03.jpg,"Honor X7d 8GB/128GB là ?i?n tho?i ph? thông siêu b?n t? Honor. V?i thi?t k? ch?ng r?i v? ??t chu?n 5 sao, ?ây là l?a ch?n kinh t? cho sinh viên và ng??i làm vi?c ngoài tr?i c?n máy ""n?i ??ng c?i ?á"". S?n ph?m ?áp ?ng m??t mà các nhu c?u l??t web, xem video và dùng m?ng xã h?i nh? RAM 8GB ?n ??nh.
?i?m nh?n là viên pin 5200mAh dùng t?i 2 ngày và màn hình b?o v? m?t. Máy tích h?p camera AI s?c nét và b? nh? 128GB ?? dùng, mang l?i tr?i nghi?m b?n b?, tin c?y cho m?i tác v? c? b?n hàng ngày.",
4,,2,?i?n tho?i Realme C85 5G 8GB/128GB,Realme,8090,/backend/data/images/phone/phone_04.jpg,"Realme C85 5G 8GB/128GB là ?i?n tho?i 5G giá r? có thi?t k? th?i th??ng, m?ng nh?. S?n ph?m h??ng ??n sinh viên h?c t?p online và bác tài công ngh? c?n k?t n?i m?ng t?c ?? cao ?? nh?n ??n nhanh chóng, ?n ??nh.
V?i RAM 8GB và b? nh? 128GB, máy x? lý t?t các tác v? gi?i trí, l??t web và ch?i game nh?. ?i?m nh?n là viên pin 5000mAh b?n b?, màn hình 90Hz m??t mà và camera AI 50MP, mang l?i tr?i nghi?m công ngh? hi?n ??i v?i chi phí t?i ?u.",
5,,2,?i?n tho?i Xiaomi Redmi Note 15 Pro 5G,Xiaomi,11490,/backend/data/images/phone/phone_05.jpg,"Xiaomi Redmi Note 15 Pro 5G 12GB/256GB là ""quái v?t hi?u n?ng"" c?n cao c?p v?i khung vi?n Titan siêu b?n. S?n ph?m lý t??ng cho game th? leo rank m??t mà và TikToker sáng t?o n?i dung nh? camera 200MP ch?ng rung OIS c?c ??nh.",
6,,2,?i?n tho?i iPhone 13 128GB,Apple,14000,/backend/data/images/phone/phone_06.jpg,"iPhone 13 128GB là chi?c ?i?n tho?i cao c?p có s? cân b?ng hoàn h?o gi?a hi?u n?ng và giá tr?. V?i chip A15 Bionic m?nh m?, máy ?áp ?ng m??t mà m?i nhu c?u t? chi?n game ?? h?a cao ??n x? lý video 4K chuyên nghi?p. S?n ph?m c?c k? phù h?p cho ng??i dùng yêu thích thi?t k? nh? g?n nh?ng v?n c?n s? b?n b? và ?n ??nh lâu dài.
Máy s? h?u màn hình Super Retina XDR s?c nét, camera kép 12MP ch?p ?êm ?n t??ng và th?i l??ng pin v??t tr?i so v?i th? h? tr??c. ?ây là l?a ch?n t?i ?u cho sinh viên, nhân viên v?n phòng mu?n tr?i nghi?m h? sinh thái iOS ?n ??nh v?i m?c chi phí h?p lý nh?t hi?n nay.",
7,,2,?i?n tho?i OPPO Reno15 Pro 5G 12GB/256GB,Oppo,17490,/backend/data/images/phone/phone_07.jpg,"OPPO Reno15 Pro 5G 12GB/256GB là ""chuyên gia chân dung"" v?i thi?t k? m?t l?ng ??i màu Glow th?i th??ng và siêu m?ng. S?n ph?m h??ng t?i gi?i tr? yêu thích th?i trang, các vlogger và ng??i dùng c?n m?t chi?c ?i?n tho?i ch?p ?nh ??p lung linh mà không c?n ch?nh s?a ph?c t?p.
Máy s? h?u RAM 12GB ?a nhi?m m??t mà, màn hình cong tràn c?nh 120Hz và s?c siêu nhanh SuperVOOC l?y l?i n?ng l??ng t?c thì. ?i?m nh?n là h? th?ng camera tích h?p AI x? lý da t? nhiên, quay video làm ??p th?i gian th?c và k?t n?i 5G siêu t?c, mang l?i tr?i nghi?m gi?i trí và sáng t?o n?i dung hoàn h?o m?i lúc.",
8,,3,?i?n tho?i Xiaomi 17 Ultra 5G 16GB/512GB,Xiaomi,32190,/backend/data/images/phone/phone_08.jpg,"Xiaomi 17 Ultra 5G 16GB/512GB là ??nh cao nhi?p ?nh di ??ng v?i c?m camera ?ng kính Leica th? h? m?i và c?m bi?n 1 inch c?c l?n. S?n ph?m dành riêng cho nhi?p ?nh gia chuyên nghi?p, vlogger và nh?ng ng??i ?am mê công ngh? mu?n s? h?u c?u hình m?nh m? nh?t th? tr??ng hi?n nay.
Máy s? h?u RAM 16GB kh?ng l?, chip Snapdragon 8 Gen 5 x? lý AI siêu t?c và màn hình LTPO 2K s?c nét. V?i kh? n?ng quay video 8K, s?c nhanh 120W và kháng n??c IP68, ?ây là thi?t b? hoàn h?o cho m?i nhu c?u t? làm vi?c c??ng ?? cao ??n gi?i trí ??nh cao không gi?i h?n.",
9,,3,Samsung Galaxy S26 Ultra 5G 12GB/256GB,Samsung,32990,/backend/data/images/phone/phone_09.jpg,"Samsung Galaxy S26 Ultra 5G 12GB/256GB là bi?u t??ng công ngh? v?i khung vi?n Titan b?n b? và bút S Pen quy?n n?ng tích h?p s?n. S?n ph?m dành cho doanh nhân, ng??i làm vi?c sáng t?o và nh?ng ai c?n m?t thi?t b? thay th? máy tính nh? g?n cho các tác v? ?a nhi?m ??nh cao.
Máy s? h?u h? th?ng Galaxy AI th? h? m?i h? tr? d?ch thu?t tr?c ti?p, ch?nh s?a ?nh chuyên nghi?p và camera 200MP Zoom quang h?c siêu nét. V?i màn hình Dynamic AMOLED 2X 120Hz ch?ng chói và th?i l??ng pin v??t tr?i, ?ây là l?a ch?n s? m?t ?? x? lý công vi?c và gi?i trí không gi?i h?n ? b?t c? ?âu.",
10,,3,?i?n tho?i iPhone 17 Pro Max 256GB,Apple,37890,/backend/data/images/phone/phone_10.jpg,"iPhone 17 Pro Max là ??nh cao công ngh? n?m 2026 v?i khung vi?n Titan siêu nh? và chip A19 Pro m?nh m? nh?t. S?n ph?m dành riêng cho ng??i dùng chuyên nghi?p, Game th? AAA và các nhà sáng t?o n?i dung c?n hi?u n?ng x? lý AI v??t tr?i. ?ây là l?a ch?n s? m?t cho tr?i nghi?m hình ?nh ??ng c?p và ??ng c?p sang tr?ng.
Máy s? h?u màn hình ProMotion 120Hz siêu m??t, h? th?ng camera Zoom quang h?c 10x và kh? n?ng quay phim ?i?n ?nh chuyên nghi?p. V?i th?i l??ng pin k? l?c và k?t n?i v? tinh tiên ti?n, ?ây là thi?t b? hoàn h?o cho m?i nhu c?u làm vi?c, gi?i trí ??nh cao và kh?ng ??nh v? th? ng??i s? h?u.",
11,camera,1,Camera IP 360 ?? IMOU TA32CP-L,IMOU,500,/backend/data/images/camera/camera_01.jpg,"Camera IP 360 ?? IMOU TA32CP-L là gi?i pháp an ninh thông minh 2K s?c nét cho gia ?ình và c?a hàng. V?i kh? n?ng xoay 360 ?? linh ho?t và ?àm tho?i 2 chi?u, ?ây là l?a ch?n hàng ??u cho cha m? c?n giám sát con nh?, ng??i già ho?c ch? shop qu?n lý t? xa qua ?i?n tho?i.
Thi?t b? tích h?p AI nh?n di?n ng??i l?, t? ??ng bám theo chuy?n ??ng và g?i c?nh báo t?c thì v? ?ng d?ng. Ch? ?? h?ng ngo?i ban ?êm rõ nét giúp b?o v? ngôi nhà 24/7. V?i thi?t k? nh? g?n, d? l?p ??t và h? tr? l?u tr? th? nh? 256GB, máy mang l?i s? an tâm tuy?t ??i và ti?n l?i t?i ?a.",
12,,1,Camera IP 360 ?? EZVIZ TY1,EZVIZ,470,/backend/data/images/camera/camera_02.jpg,"Camera IP 360 ?? EZVIZ TY1 là gi?i pháp an ninh gia ?ình thông minh v?i ?? phân gi?i Full HD s?c nét và t?m nhìn ban ?êm h?ng ngo?i 10m. V?i kh? n?ng quay quét 360 ?? không ?i?m mù, ?ây là l?a ch?n lý t??ng ?? giám sát phòng khách, c?a hàng ho?c theo dõi thú c?ng t? xa qua ?ng d?ng ?i?n tho?i.
Thi?t b? tích h?p tính n?ng theo dõi chuy?n ??ng thông minh và ch? ?? màn tr?p riêng t? giúp b?o v? không gian cá nhân khi c?n thi?t. V?i ?àm tho?i hai chi?u to rõ và h? tr? th? nh? 256GB, TY1 mang l?i s? an tâm tuy?t ??i, k?t n?i gia ?ình m?i lúc m?i n?i v?i chi phí c?c k? h?p lý.",
13,,1,Camera IP 360 ?? Dahua DH-H3AE,Dahua,390,/backend/data/images/camera/camera_03.jpg,"Camera IP 360 ?? Dahua DH-H3AE là gi?i pháp giám sát an ninh 3MP s?c nét, chuyên dùng cho gia ?ình và v?n phòng hi?n ??i. V?i kh? n?ng quay quét toàn c?nh và ?àm tho?i hai chi?u, ?ây là l?a ch?n t?i ?u cho ch? doanh nghi?p qu?n lý nhân viên ho?c cha m? theo dõi con cái t? xa v?i ???ng truy?n ?n ??nh v??t tr?i.
Thi?t b? tích h?p AI nh?n di?n dáng ng??i và phát hi?n âm thanh b?t th??ng (ti?ng khóc, ti?ng ??ng l?) ?? g?i c?nh báo t?c thì. Ch? ?? h?ng ngo?i thông minh giúp quan sát ban ?êm rõ nét trong ph?m vi 10m. V?i thi?t k? c?ng cáp, h? tr? th? nh? 256GB và cài ??t nhanh chóng, máy mang l?i s? b?o v? tin c?y và chuyên nghi?p 24/7.",
14,,2,Camera IP Ngoài Tr?i 360 ?? TP-Link Tapo C501,TP-Link,1150,/backend/data/images/camera/camera_04.jpg,"Camera IP Ngoài Tr?i 360 ?? TP-Link Tapo C500 là gi?i pháp an ninh ngoài tr?i b?n b? v?i chu?n kháng n??c IP65. V?i kh? n?ng xoay quét 360 ?? và ?? phân gi?i Full HD s?c nét, ?ây là l?a ch?n hàng ??u ?? giám sát sân v??n, bãi ?? xe ho?c c?ng nhà, giúp bao quát toàn c?nh không gian r?ng l?n.
Thi?t b? tích h?p AI nh?n di?n ng??i thông minh, t? ??ng bám theo chuy?n ??ng và g?i thông báo t?c thì. Ch? ?? ban ?êm rõ nét, ?àm tho?i hai chi?u và báo ??ng âm thanh/ánh sáng giúp xua ?u?i k? ??t nh?p hi?u qu?. V?i thi?t k? linh ho?t d? l?p ??t trên t??ng ho?c tr?n, Tapo C500 mang l?i s? an tâm tuy?t ??i tr??c m?i ?i?u ki?n th?i ti?t kh?c nghi?t.",
15,,2,Camera IP Ngoài Tr?i 360 ?? TP-Link Tapo C510,TP-Link,1350,/backend/data/images/camera/camera_05.jpg,"Camera Ngoài Tr?i TP-Link Tapo C510W là gi?i pháp an ninh 2K siêu nét v?i kh? n?ng xoay quét 360 ?? toàn di?n. V?i chu?n kháng n??c IP65 và ch? ?? xem ?êm có màu s?c nét, ?ây là l?a ch?n hàng ??u ?? b?o v? sân v??n, bãi xe ho?c c?ng nhà, giúp nh?n di?n rõ khuôn m?t và bi?n s? xe ngay c? trong bóng t?i.
Thi?t b? tích h?p AI nh?n di?n ng??i thông minh, t? ??ng bám theo chuy?n ??ng và phát còi báo ??ng ánh sáng xua ?u?i k? ??t nh?p. V?i kh? n?ng ?àm tho?i hai chi?u to rõ và thi?t k? linh ho?t, Tapo C510W mang l?i s? an tâm tuy?t ??i, giúp b?n làm ch? an ninh ngôi nhà m?i lúc m?i n?i t? xa qua ?i?n tho?i.",
16,,2,Camera IP 360 ?? Ezviz C6C,EZVIZ,1290,/backend/data/images/camera/camera_06.jpg,"Camera IP 360 ?? EZVIZ C6C là gi?i pháp giám sát trong nhà Full HD s?c nét v?i kh? n?ng quay quét toàn c?nh không ?i?m mù. S?n ph?m c?c k? phù h?p cho gia ?ình có tr? nh?, ng??i già ho?c thú c?ng, giúp b?n quan sát m?i ngóc ngách phòng khách, phòng ng? t? xa qua ?i?n tho?i m?t cách d? dàng.
Thi?t b? tích h?p AI t? ??ng theo dõi chuy?n ??ng và ch? ?? màn tr?p riêng t? giúp b?o v? không gian cá nhân khi c?n. V?i ?èn h?ng ngo?i ban ?êm 10m, ?àm tho?i hai chi?u to rõ và kh? n?ng l?p ??t linh ho?t, C6C mang l?i s? an tâm tuy?t ??i và k?t n?i gia ?ình tr?n v?n v?i chi phí t?i ?u.",
17,,2,Camera IP 360 ?? TIANDY TC-H322N,Tiandy,1000,/backend/data/images/camera/camera_07.jpg,"Camera IP 360 ?? Tiandy TC-H322N là gi?i pháp giám sát trong nhà 2MP s?c nét v?i kh? n?ng quay quét toàn c?nh không ?i?m mù. S?n ph?m c?c k? phù h?p cho gia ?ình, c?a hàng nh? ho?c v?n phòng c?n m?t thi?t b? an ninh ?n ??nh, d? l?p ??t và qu?n lý t? xa qua ?i?n tho?i v?i chi phí t?i ?u.
Thi?t b? tích h?p chu?n nén S+265 giúp ti?t ki?m ??n 75% không gian l?u tr? và b?ng thông truy?n t?i. V?i ?èn h?ng ngo?i ban ?êm 10m, ?àm tho?i hai chi?u to rõ và tính n?ng phát hi?n chuy?n ??ng thông minh, TC-H322N mang l?i s? an tâm tuy?t ??i và k?t n?i thông su?t 24/7.",
18,,3,Camera IP Ngoài tr?i 360 ?? Dahua DH-P3AS-PV,Dahua,1650,/backend/data/images/camera/camera_08.jpg,"Camera Ngoài Tr?i Dahua DH-P3AS-PV là gi?i pháp an ninh chuyên nghi?p v?i ?? phân gi?i 3MP s?c nét và kh? n?ng quay quét 360 ?? toàn di?n. V?i chu?n kháng n??c IP66 và ch? ?? ban ?êm có màu, ?ây là l?a ch?n hàng ??u ?? b?o v? sân v??n, c?a ti?m ho?c bãi xe, giúp nh?n di?n rõ m?i chi ti?t d??i m?i ?i?u ki?n th?i ti?t.
Thi?t b? tích h?p AI nh?n di?n ng??i và xe thông minh, t? ??ng phát còi hú và ?èn ch?p ?? báo ??ng ch? ??ng khi có xâm nh?p trái phép. V?i ?àm tho?i hai chi?u to rõ và kh? n?ng l?u tr? linh ho?t, DH-P3AS-PV mang l?i s? an tâm tuy?t ??i và gi?i pháp phòng th? t? xa hi?u qu? cho m?i không gian ngo?i th?t.",
19,,3,Camera IP Ngoài Tr?i 360 ?? Ezviz H8,EZVIZ,1500,/backend/data/images/camera/camera_09.jpg,"Camera IP Ngoài Tr?i EZVIZ H8 là gi?i pháp an ninh 360 ?? m?nh m? v?i ?? phân gi?i 2K s?c nét và kh? n?ng ch?ng ch?u th?i ti?t kh?c nghi?t. V?i thi?t k? xoay b?n chi?u không ?i?m mù, ?ây là l?a ch?n hoàn h?o ?? giám sát sân v??n, c?ng nhà ho?c trang tr?i, giúp bao quát toàn b? không gian r?ng l?n ch? v?i m?t thi?t b? duy nh?t.
Máy tích h?p AI nh?n di?n dáng ng??i, t? ??ng theo dõi chuy?n ??ng và quay tr? l?i ?i?m quan sát c? ??nh ch? b?ng m?t cú ch?m. Ch? ?? ghi hình màu ban ?êm, còi hú báo ??ng và ?àm tho?i hai chi?u giúp b?o v? ngôi nhà ch? ??ng và hi?u qu? 24/7 qua ?ng d?ng di ??ng.",
20,,3,Camera IP Ngoài Tr?i 360 ?? Ezviz H8C Pro,EZVIZ,1690,/backend/data/images/camera/camera_10.jpg,"Camera Ngoài Tr?i EZVIZ H8C Pro là gi?i pháp an ninh 2K+ siêu nét v?i kh? n?ng quay quét 360 ?? không ?i?m mù. V?i chu?n kháng n??c IP65 và ghi hình màu ban ?êm, ?ây là l?a ch?n hàng ??u ?? b?o v? sân v??n, bãi ?? xe ho?c c?ng nhà, giúp nh?n di?n rõ m?i chi ti?t d??i m?i ?i?u ki?n th?i ti?t kh?c nghi?t.
Thi?t b? tích h?p AI nh?n di?n dáng ng??i và xe thông minh, t? ??ng bám theo chuy?n ??ng và phát còi hú kèm ?èn ch?p ?? báo ??ng ch? ??ng. V?i ?àm tho?i hai chi?u to rõ và thi?t k? linh ho?t, H8C Pro mang l?i s? an tâm tuy?t ??i và gi?i pháp phòng th? t? xa hi?u qu? 24/7 qua ?i?n tho?i.",
21, smartwatch,1,Vòng ?eo tay thông minh Huawei Band 11 vi?n nhôm dây Fluor,Huawei,990,/backend/data/images/smartwatch/smartwatch_01.jpg,"Vòng ?eo tay thông minh Huawei Band 11 là s? k?t h?p hoàn h?o gi?a thi?t k? vi?n nhôm sang tr?ng và dây ?eo Fluor b?n b?, êm ái. S?n ph?m h??ng t?i nh?ng ng??i n?ng ??ng, nhân viên v?n phòng và ng??i yêu th? thao c?n m?t thi?t b? theo dõi s?c kh?e chuyên nghi?p, m?ng nh? nh?ng v?n ??y ?? tính n?ng cao c?p.
Máy s? h?u màn hình AMOLED r?c r?, tích h?p AI theo dõi nh?p tim, gi?c ng? và n?ng ?? oxy trong máu (SpO2) chính xác 24/7. V?i h?n 100 ch? ?? t?p luy?n, kh? n?ng kháng n??c 5ATM và th?i l??ng pin ?n t??ng lên ??n 14 ngày, Huawei Band 11 mang l?i s? ti?n l?i t?i ?a, giúp b?n làm ch? s?c kh?e và phong cách s?ng hi?n ??i.",
22,,1,??ng h? ??nh v? tr? em Masstel Smart Hero Star,Masstel,950,/backend/data/images/smartwatch/smartwatch_02.jpg,"??ng h? ??nh v? tr? em Masstel Smart Hero Star là thi?t b? an toàn thông minh giúp ph? huynh luôn k?t n?i và b?o v? con cái t? xa. V?i công ngh? ??nh v? ?a ch? ?? (GPS, Wi-Fi, LBS) chính xác, ?ây là l?a ch?n s? m?t cho cha m? có con trong ?? tu?i ?i h?c, c?n giám sát hành trình và liên l?c nhanh chóng.
S?n ph?m h? tr? nghe g?i video 4G s?c nét, ch?p ?nh t? xa và thi?t l?p vùng an toàn thông minh. V?i nút b?m SOS kh?n c?p, ch? ?? l?p h?c t?p trung và kh? n?ng kháng n??c b?n b?, Smart Hero Star mang l?i s? an tâm tuy?t ??i cho gia ?ình, giúp tr? t? tin khám phá th? gi?i trong t?m ki?m soát an toàn c?a cha m?.",
23,,1,Vòng tay thông minh Samsung Galaxy Fit3,Samsung,890,/backend/data/images/smartwatch/smartwatch_03.jpg,"Vòng tay thông minh Samsung Galaxy Fit3 là thi?t b? theo dõi s?c kh?e t?i ?u v?i màn hình AMOLED 1.6 inch r?ng rãi và khung nhôm b?n b?. S?n ph?m dành cho ng??i dùng tr? n?ng ??ng, nhân viên v?n phòng và ng??i dùng h? sinh thái Galaxy c?n m?t thi?t b? h? tr? t?p luy?n chuyên sâu, g?n nh? v?i m?c giá c?c k? ti?p c?n.Máy tích h?p h?n 100 ch? ?? t?p luy?n, theo dõi gi?c ng? chi ti?t và n?ng ?? oxy trong máu (SpO2). ?i?m v??t tr?i là tính n?ng phát hi?n té ngã, SOS kh?n c?p và th?i l??ng pin ?n t??ng lên ??n 13 ngày. V?i chu?n kháng n??c 5ATM/IP68 và kh? n?ng ??ng b? thông báo thông minh, Galaxy Fit3 giúp b?n duy trì l?i s?ng lành m?nh và k?t n?i xuyên su?t m?i lúc m?i n?i.",
24,,2,Garmin Forerunner 165 43mm dây silicone,Garmin,3990,/backend/data/images/smartwatch/smartwatch_04.jpg,"Garmin Forerunner 165 43mm là ??ng h? ch?y b? chuyên d?ng v?i màn hình AMOLED r?c r? và dây silicone êm ái, b?n b?. S?n ph?m dành riêng cho ng??i m?i b?t ??u ch?y b?, v?n ??ng viên phong trào và nh?ng ai c?n m?t hu?n luy?n viên ?o ngay trên c? tay ?? c?i thi?n thành tích cá nhân (PR) m?t cách khoa h?c.Máy tích h?p GPS chính xác, c?m bi?n nh?p tim th? h? m?i và tính n?ng Garmin Coach cá nhân hóa l? trình t?p luy?n. ?i?m v??t tr?i là kh? n?ng ?o ??ng l?c h?c ch?y b?, ?ánh giá tr?ng thái ph?c h?i và theo dõi gi?c ng? chuyên sâu. V?i th?i l??ng pin lên ??n 11 ngày và thi?t k? siêu nh?, Forerunner 165 là ng??i b?n ??ng hành tin c?y trên m?i cung ???ng và trong cu?c s?ng hàng ngày.",
25,,2,??ng H? ??nh V? Tr? Em imoo Z1 Xanh d??ng,imoo,1390,/backend/data/images/smartwatch/smartwatch_05.jpg,"??ng h? ??nh v? tr? em imoo Z1 (Xanh d??ng) là thi?t b? liên l?c thông minh cao c?p v?i kh? n?ng g?i Video Call 4G s?c nét và âm thanh to rõ. S?n ph?m dành cho ph? huynh mu?n gi? k?t n?i liên t?c v?i con cái, ??m b?o an toàn tuy?t ??i cho bé khi ?i h?c, ?i dã ngo?i hay vui ch?i ngoài tr?i.
Máy s? h?u công ngh? ??nh v? GPS chính xác, ch? ?? l?p h?c t?p trung và kh? n?ng kháng n??c IPX8 b?n b? nh?t phân khúc. V?i dung l??ng pin l?n cho th?i gian ch? lên ??n 7 ngày và thi?t k? màu xanh n?ng ??ng, imoo Z1 không ch? là món ?? ch?i công ngh? yêu thích c?a tr? mà còn là ""v? s? ?o"" ?áng tin c?y giúp cha m? luôn an tâm m?i lúc m?i n?i.",
26,,2,Xiaomi Redmi Watch 5 47.5 mm dây TPU,Xiaomi,2650,/backend/data/images/smartwatch/smartwatch_06.jpg,"Xiaomi Redmi Watch 5 (47.5 mm) thi?t l?p chu?n m?c m?i cho smartwatch phân khúc t?m trung v?i màn hình AMOLED 2.07 inch r?c r? và vi?n siêu m?ng. V?i khung h?p kim nhôm sang tr?ng và dây TPU b?n b?, ?ây là l?a ch?n t?i ?u cho ng??i dùng tr? c?n m?t thi?t b? th?i th??ng, h? tr? nghe g?i Bluetooth rõ nét nh? công ngh? ch?ng ?n 2-MIC và h? ?i?u hành HyperOS m??t mà.
??ng h? tích h?p GPS ?a h? th?ng, h?n 150 ch? ?? th? thao và kh? n?ng kháng n??c 5ATM. ?i?m ?n t??ng nh?t là viên pin 550mAh cho th?i gian s? d?ng lên ??n 24 ngày, ?i kèm các tính n?ng theo dõi s?c kh?e chuyên sâu nh? SpO2, nh?p tim và gi?c ng?, giúp b?n làm ch? cu?c s?ng n?ng ??ng m?t cách tr?n v?n.",
27,,2,??ng h? ??nh v? tr? em Kidcare Sight S26 4G,Kidcare,1590,/backend/data/images/smartwatch/smartwatch_07.jpg,"??ng h? ??nh v? tr? em Kidcare Sight S26 4G là ng??i b?n ??ng hành an toàn v?i màn hình 1.8 inch rõ nét và dây ?eo cao su êm ái. S?n ph?m h? tr? Video Call 4G s?c nét, giúp cha m? d? dàng quan sát và liên l?c v?i con m?i lúc m?i n?i. V?i h? th?ng ??nh v? GPS/GLONASS chính xác, ?ây là l?a ch?n t?i ?u ?? giám sát hành trình c?a tr? khi ?i h?c ho?c dã ngo?i.
Thi?t b? tích h?p các tính n?ng b?o v? ch? ??ng nh? nút SOS kh?n c?p, thi?t l?p vùng an toàn và ch?n s? l?. V?i chu?n kháng n??c IP68 b?n b?, ch? ?? l?p h?c t?p trung và th?i l??ng pin ?n ??nh, Sight S26 giúp bé t? do khám phá trong khi ph? huynh hoàn toàn an tâm qu?n lý qua ?ng d?ng chuyên d?ng.",
28,,3,Apple Watch SE 3 GPS 40mm vi?n nhôm dây th? thao,Apple,6790,/backend/data/images/smartwatch/smartwatch_08.jpg,"Apple Watch SE 3 GPS 40mm là s? k?t h?p hoàn h?o gi?a hi?u n?ng m?nh m? c?a chip S10 và thi?t k? nhôm tái ch? b?n b?. V?i màn hình Retina Always-On l?n ??u xu?t hi?n trên dòng SE và ?? sáng 1000 nit, ?ây là l?a ch?n t?i ?u cho ng??i dùng iPhone mu?n tr?i nghi?m h? sinh thái Apple ??y ?? v?i chi phí h?p lý.



Thi?t b? tích h?p các tính n?ng s?c kh?e tiên ti?n nh? phát hi?n ng?ng th? khi ng?, theo dõi chu k? qua c?m bi?n nhi?t ?? và c?nh báo va ch?m. V?i kh? n?ng kháng n??c 50m, s?c nhanh g?p ?ôi th? h? tr??c và h? ?i?u hành watchOS 26 m??t mà, SE 3 là ng??i ??ng hành ?áng tin c?y cho s?c kh?e và k?t n?i thông minh m?i ngày.",
29,,3,Garmin Lily 2 34mm dây silicone,Garmin,6290,/backend/data/images/smartwatch/smartwatch_09.jpg,"Garmin Lily 2 34mm là chi?c ??ng h? thông minh nh? nh?n nh?t v?i m?t kính h?a ti?t tinh x?o và màn hình ?n ??c ?áo. V?i dây silicone êm ái và vi?n kim lo?i sang tr?ng, ?ây là l?a ch?n hoàn m? cho ph? n? hi?n ??i c?n m?t món trang s?c th?i th??ng tích h?p các tính n?ng theo dõi s?c kh?e chuyên sâu nh? nh?p tim, m?c ?? c?ng th?ng và n?ng l??ng c? th? (Body Battery).Thi?t b? h? tr? theo dõi chu k? kinh nguy?t, thai k? và các ch? ?? t?p luy?n th? thao nh? Yoga, Pilates, Khiêu v?. V?i kh? n?ng k?t n?i GPS qua ?i?n tho?i, thông báo thông minh và tính n?ng an toàn, Lily 2 giúp phái ??p luôn r?ng r?, t? tin và làm ch? s?c kh?e m?i ngày v?i th?i l??ng pin lên ??n 5 ngày.",
30,,3,Garmin Forerunner 965 47.2mm dây silicone,Garmin,16490,/backend/data/images/smartwatch/smartwatch_10.jpg,"Garmin Forerunner 965 47.2mm là ??nh cao c?a ??ng h? ch?y b? và ba môn ph?i h?p v?i màn hình AMOLED 1.4 inch r?c r? và vi?n Titanium siêu nh?. ?ây là l?a ch?n s? m?t cho v?n ??ng viên chuyên nghi?p và ng??i ch?i Marathon c?n b?n ?? ngo?i tuy?n màu, GPS ?a b?ng t?n (GNSS) chính xác tuy?t ??i trên m?i ??a hình hi?m tr?.



Thi?t b? tích h?p các ch? s? chuyên sâu nh? S?n sàng t?p luy?n, ??ng l?c h?c ch?y b? trên c? tay và ?? xu?t bài t?p hàng ngày cá nhân hóa. V?i th?i l??ng pin ?n t??ng lên ??n 23 ngày ? ch? ?? ??ng h? thông minh và kh? n?ng l?u tr? nh?c tr?c ti?p, Forerunner 965 không ch? là m?t thi?t b? theo dõi mà còn là ng??i tr? lý b?n b?, giúp b?n phá v? m?i gi?i h?n cá nhân.",
31,tablet,1,Máy tính b?ng Masstel Tab 11 Ultra 4G 4GB/128GB,Masstel,3790,/backend/data/images/tablet/tablet_01.jpg,"Máy tính b?ng Masstel Tab 11 Ultra 4G là gi?i pháp gi?i trí và h?c t?p lý t??ng v?i màn hình 10.95 inch IPS LCD s?c nét và thi?t k? m?t l?ng nhôm sang tr?ng. V?i c?u hình 4GB RAM và 128GB b? nh? trong (h? tr? th? nh? 1TB), máy ?áp ?ng m??t mà các tác v? v?n phòng, h?c online và xem phim gi?i trí m?i ngày.Thi?t b? s? h?u viên pin l?n 8000 mAh cùng s?c nhanh 18W, ??m b?o ho?t ??ng b?n b? su?t c? ngày dài. Tích h?p k?t n?i 4G LTE linh ho?t, camera sau 13MP và h? ?i?u hành Android 15 hi?n ??i, Tab 11 Ultra là l?a ch?n kinh t? cho h?c sinh, sinh viên và ng??i dùng c?n m?t chi?c tablet màn hình l?n, ?a n?ng v?i m?c giá c?c k? ti?p c?n.",
32,,1,Máy tính b?ng HONOR Pad X7 WiFi 4GB/64GB,Honor,3690,/backend/data/images/tablet/tablet_02.jpg,"Máy tính b?ng HONOR Pad X7 WiFi là s? k?t h?p hoàn h?o gi?a thi?t k? kim lo?i m?ng nh? và hi?u n?ng ?n ??nh t? chip Snapdragon 680. V?i màn hình 8.7 inch 90Hz ??t chu?n b?o v? m?t TÜV Rheinland, ?ây là l?a ch?n lý t??ng cho h?c sinh h?c t?p online, ng??i già ??c báo ho?c tr? em gi?i trí an toàn qua Google Kids Space.
Thi?t b? s? h?u viên pin l?n 7020 mAh h? tr? s?c ng??c ti?n l?i và h? th?ng âm thanh vòm s?ng ??ng. Ch?y trên h? ?i?u hành Android 15 tích h?p AI Gemini thông minh, HONOR Pad X7 mang ??n tr?i nghi?m m??t mà, c? ??ng và b?n b?, ?áp ?ng tr?n v?n nhu c?u k?t n?i và gi?i trí hàng ngày v?i m?c giá c?c k? h?p d?n.",
33,,1,Máy tính b?ng Samsung Galaxy Tab A11 4G 4GB/64GB,Samsung,4990,/backend/data/images/tablet/tablet_03.jpg,"Máy tính b?ng Samsung Galaxy Tab A11 4G là thi?t b? gi?i trí di ??ng nh? g?n v?i màn hình 8.7 inch h? tr? t?n s? quét 90Hz m??t mà. V?i thi?t k? nhôm nguyên kh?i sang tr?ng và tr?ng l??ng siêu nh? ch? 335g, ?ây là l?a ch?n hoàn h?o cho ng??i dùng th??ng xuyên di chuy?n, h?c sinh h?c t?p online ho?c nhân viên kinh doanh c?n m?t thi?t b? h? tr? công vi?c linh ho?t m?i lúc m?i n?i qua k?t n?i 4G LTE.
Máy trang b? chip MediaTek Helio G99 ?n ??nh, loa kép Dolby Atmos s?ng ??ng và viên pin 5100 mAh ?áp ?ng t?t nhu c?u s? d?ng c? ngày. Tích h?p h? ?i?u hành Android 15 v?i giao di?n One UI hi?n ??i, Tab A11 mang ??n tr?i nghi?m m??t mà, h? tr? m? khóa khuôn m?t ti?n l?i và l?u tr? m? r?ng lên ??n 1TB, giúp b?n làm ch? m?i tác v? gi?i trí và h?c t?p c? b?n.",
34,,2,Máy tính b?ng OPPO Pad Neo 4G 8GB/128GB,Oppo,7850,/backend/data/images/tablet/tablet_04.jpg,"Máy tính b?ng OPPO Pad Neo 4G s? h?u màn hình 11.4 inch ?? phân gi?i 2.4K s?c nét v?i t? l? 7:5 ??c ?áo, mang l?i tr?i nghi?m ??c sách và làm vi?c nh? trên gi?y th?t. V?i c?u hình m?nh m? 8GB RAM và k?t n?i 4G LTE siêu t?c, ?ây là l?a ch?n hàng ??u cho nh?ng ng??i làm vi?c sáng t?o, sinh viên và ng??i yêu thích gi?i trí di ??ng c?n m?t thi?t b? ?a n?ng, k?t n?i internet m?i lúc m?i n?i.
Máy trang b? h? th?ng 4 loa Dolby Atmos s?ng ??ng, viên pin l?n 8000 mAh cùng s?c nhanh SuperVOOC 33W ??m b?o tr?i nghi?m không gián ?o?n. Tích h?p các tính n?ng b?o v? m?t thông minh và h? ?i?u hành ColorOS m??t mà, OPPO Pad Neo không ch? là thi?t b? gi?i trí ??nh cao mà còn là công c? h? tr? ??c l?c cho l?i s?ng n?ng ??ng và hi?n ??i.",
35,,2,Máy tính b?ng Samsung Galaxy Tab S10 Lite 5G 6GB/128GB,Samsung,7899,/backend/data/images/tablet/tablet_05.jpg,"Máy tính b?ng Samsung Galaxy Tab S10 Lite 5G là thi?t b? ?a n?ng hoàn h?o cho h?c t?p và sáng t?o v?i màn hình 10.9 inch 90Hz s?c nét và bút S Pen ?i kèm ti?n l?i. V?i c?u hình 6GB RAM và k?t n?i 5G siêu t?c, ?ây là l?a ch?n t?i ?u cho sinh viên, ng??i làm n?i dung và nhân viên v?n phòng c?n m?t thi?t b? m?ng nh? ?? ghi chú, phác th?o ý t??ng và làm vi?c tr?c tuy?n m?i lúc m?i n?i.Máy trang b? chip Exynos 1380 ?n ??nh, h? th?ng loa kép Dolby Atmos s?ng ??ng và viên pin l?n 8000 mAh h? tr? s?c nhanh. Ch?y trên Android 15 v?i giao di?n One UI 7 hi?n ??i, Tab S10 Lite mang ??n tr?i nghi?m làm vi?c nh? PC qua ch? ?? Samsung DeX, giúp b?n t?i ?u hóa hi?u su?t và kh?i ngu?n c?m h?ng trong m?t thi?t k? nhôm nguyên kh?i sang tr?ng.",
36,,2,Máy tính b?ng Lenovo Idea Tab 5G 8GB/128GB,Lenovo,6690,/backend/data/images/tablet/tablet_06.jpg,"Máy tính b?ng Lenovo Idea Tab 5G là thi?t b? h?c t?p và gi?i trí ??nh cao v?i màn hình 11 inch ?? phân gi?i 2.5K (90Hz) siêu nét và h? tr? bút c?m ?ng chuyên d?ng. V?i c?u hình m?nh m? 8GB RAM và k?t n?i 5G t?c ?? cao, ?ây là l?a ch?n hàng ??u cho h?c sinh, sinh viên c?n m?t chi?c tablet m??t mà ?? ?a nhi?m ?ng d?ng h?c t?p, ghi chú thông minh AI và gi?i trí HDR s?ng ??ng.
Máy trang b? chip Dimensity 6300 t?i ?u n?ng l??ng, h? th?ng 4 loa Dolby Atmos và viên pin 7040 mAh b?n b?. Thi?t k? kim lo?i m?ng nh? ch? 6.99mm cùng h? ?i?u hành Android 15 tích h?p các tính n?ng AI Note ??c quy?n, Lenovo Idea Tab 5G giúp b?n kh?i ngu?n sáng t?o và duy trì hi?u su?t công vi?c m?i lúc m?i n?i.",
37,,2,Máy tính b?ng iPad A16 WiFi 128GB,Apple,9490,/backend/data/images/tablet/tablet_07.jpg,"Máy tính b?ng iPad A16 WiFi 128GB (iPad Gen 11) ?ánh d?u b??c ti?n m?i v?i b? nh? kh?i ?i?m g?p ?ôi th? h? c? và s?c m?nh v??t tr?i t? chip A16 Bionic. ?ây là l?a ch?n qu?c dân cho h?c sinh, sinh viên và gia ?ình c?n m?t thi?t b? b?n b?, m??t mà ?? h?c t?p, sáng t?o n?i dung và gi?i trí ch?t l??ng cao trên màn hình Liquid Retina 11 inch tuy?t ??p.Máy s? h?u camera tr??c 12MP Center Stage ??t ngang t?i ?u cho g?i video, h? tr? Apple Pencil và Magic Keyboard Folio bi?n thi?t b? thành công c? làm vi?c chuyên nghi?p. V?i Wi-Fi 6 siêu t?c, Touch ID tích h?p nút ngu?n và h? ?i?u hành iPadOS 19 t?i ?u AI, iPad A16 mang l?i giá tr? s? d?ng lâu dài và tr?i nghi?m h? sinh thái Apple hoàn h?o trong phân khúc giá ph? thông.",
38,,3,Máy tính b?ng Xiaomi Pad 8 Pro 8GB/128GB,Xiaomi,11490,/backend/data/images/tablet/tablet_08.jpg,"Máy tính b?ng Xiaomi Pad 8 Pro 8GB/128GB là bi?u t??ng c?a hi?u n?ng v??t tr?i v?i chip Snapdragon 8s Gen 4 m?nh m? và màn hình 3.2K siêu nét. V?i t?n s? quét 144Hz m??t mà và thi?t k? kim lo?i nguyên kh?i siêu m?ng, ?ây là l?a ch?n hàng ??u cho game th? chuyên nghi?p, ng??i làm ?? h?a và biên t?p video c?n m?t thi?t b? x? lý tác v? n?ng v?i t?c ?? c?c nhanh.
Máy trang b? viên pin kh?ng 10.000 mAh cùng s?c nhanh 120W giúp n?p ??y n?ng l??ng ch? trong tích t?c. Tích h?p h? th?ng 8 loa Dolby Atmos âm thanh vòm s?ng ??ng, Wi-Fi 7 siêu t?c và h? ?i?u hành HyperOS 2.0 t?i ?u ?a nhi?m, Xiaomi Pad 8 Pro bi?n m?i tr?i nghi?m gi?i trí và làm vi?c tr? nên hoàn h?o, x?ng danh ""flagship killer"" trong th? gi?i máy tính b?ng.",
39,,3,Máy tính b?ng iPad Air M3 11 inch WiFi 128GB,Apple,14990,/backend/data/images/tablet/tablet_09.jpg,"Máy tính b?ng iPad Air M3 11 inch WiFi 128GB mang ??n hi?u n?ng ??t phá t? chip M3, ?áp ?ng hoàn h?o m?i nhu c?u t? h?c t?p, thi?t k? ?? h?a ??n ch?i game AAA. V?i màn hình Liquid Retina s?c nét h? tr? d?i màu P3 và l?p ph? ch?ng chói, ?ây là l?a ch?n t?i ?u cho sinh viên ngành sáng t?o và ng??i dùng chuyên nghi?p c?n m?t thi?t b? m?nh m? nh?ng v?n c?c k? c? ??ng.Máy s? h?u camera tr??c Ultra Wide ??t ngang v?i tính n?ng Center Stage, t??ng thích hoàn toàn v?i Apple Pencil Pro và Magic Keyboard. V?i Wi-Fi 6E siêu t?c, c?ng USB-C ?a n?ng và h? ?i?u hành iPadOS 19 t?i ?u cho ?a nhi?m và AI, iPad Air M3 là s? thay th? laptop tuy?t v?i, k?t h?p gi?a v? ??p tinh t? và s?c m?nh x? lý v??t tr?i c?a h? sinh thái Apple.",
40,,3,Máy tính b?ng Samsung Galaxy Tab S11 5G 12GB/128GB,Samsung,20990,/backend/data/images/tablet/tablet_10.jpg,"Máy tính b?ng Samsung Galaxy Tab S11 5G (12GB/128GB) là bi?u t??ng c?a máy tính b?ng Android cao c?p v?i chip MediaTek Dimensity 9400+ siêu m?nh m? và màn hình Dynamic AMOLED 2X 11 inch 120Hz. V?i l?p ph? ch?ng ph?n chi?u (Anti-Reflection) m?i và ?? sáng 1600 nits, ?ây là công c? t?i ?u cho các chuyên gia sáng t?o, doanh nhân và ng??i dùng c?n m?t thi?t b? làm vi?c di ??ng m?nh m? nh? PC qua ch? ?? Samsung DeX.
Máy ?i kèm bút S Pen th? h? m?i, tích h?p sâu các tính n?ng Galaxy AI thông minh giúp tóm t?t v?n b?n, ch?nh s?a ?nh và d?ch thu?t t?c thì. V?i thi?t k? nhôm Armor Aluminum siêu m?ng ch? 5.5mm, chu?n kháng n??c IP68 và k?t n?i 5G siêu t?c, Galaxy Tab S11 mang l?i tr?i nghi?m ??nh cao, k?t h?p hoàn h?o gi?a tính th?m m? và hi?u su?t x? lý v??t tr?i.",
