category_id,budget_id,name,brand,price,image_path,description
2,1,Điện thoại Nokia 220 4G,Nokia,990,phone/phone_01.jpg,"Nokia 220 4G là điện thoại phổ thông bền bỉ, hiện đại với kết nối 4G tốc độ cao và cuộc gọi VoLTE sắc nét. Sản phẩm lý tưởng làm máy phụ nghe gọi cho người bận rộn, hoặc quà tặng cho người lớn tuổi cần sự đơn giản, phím bấm lớn và loa ngoài rõ ràng.
Máy sở hữu thiết kế ""nồi đồng cối đá"" đặc trưng của Nokia, chống va đập tốt và thời lượng pin chờ nhiều ngày. Tích hợp sẵn trình duyệt web, Facebook, đài FM không cần tai nghe và trò chơi Snake huyền thoại, mang lại trải nghiệm liên lạc tin cậy và giải trí cơ bản mọi lúc mọi nơi."
2,1,Điện thoại Masstel IZI 10,,400,phone/phone_02.jpg,"Masstel IZI 10 là điện thoại phổ thông nhỏ gọn, siêu bền với phím bấm lớn và loa thoại cực to. Sản phẩm là lựa chọn hàng đầu làm máy phụ nghe gọi dự phòng hoặc quà tặng cho người già cần sự đơn giản, dễ sử dụng.
Máy hỗ trợ 2 SIM 2 sóng ổn định, tích hợp đèn pin siêu sáng và đài FM không cần tai nghe tiện lợi. Với viên pin bền bỉ cho thời gian chờ nhiều ngày và thiết kế chắc chắn, chống va đập tốt, IZI 10 mang lại trải nghiệm liên lạc thông suốt, tin cậy với chi phí tiết kiệm nhất."
2,1,Điện thoại Honor X7d 8GB/128GB,Honor,5790,phone/phone_03.jpg,"Honor X7d 8GB/128GB là điện thoại phổ thông siêu bền từ Honor. Với thiết kế chống rơi vỡ đạt chuẩn 5 sao, đây là lựa chọn kinh tế cho sinh viên và người làm việc ngoài trời cần máy ""nồi đồng cối đá"". Sản phẩm đáp ứng mượt mà các nhu cầu lướt web, xem video và dùng mạng xã hội nhờ RAM 8GB ổn định.
Điểm nhấn là viên pin 5200mAh dùng tới 2 ngày và màn hình bảo vệ mắt. Máy tích hợp camera AI sắc nét và bộ nhớ 128GB đủ dùng, mang lại trải nghiệm bền bỉ, tin cậy cho mọi tác vụ cơ bản hàng ngày."
2,2,Điện thoại Realme C85 5G 8GB/128GB,Realme,8090,phone/phone_04.jpg,"Realme C85 5G 8GB/128GB là điện thoại 5G giá rẻ có thiết kế thời thượng, mỏng nhẹ. Sản phẩm hướng đến sinh viên học tập online và bác tài công nghệ cần kết nối mạng tốc độ cao để nhận đơn nhanh chóng, ổn định.
Với RAM 8GB và bộ nhớ 128GB, máy xử lý tốt các tác vụ giải trí, lướt web và chơi game nhẹ. Điểm nhấn là viên pin 5000mAh bền bỉ, màn hình 90Hz mượt mà và camera AI 50MP, mang lại trải nghiệm công nghệ hiện đại với chi phí tối ưu."
2,2,Điện thoại Xiaomi Redmi Note 15 Pro 5G,Xiaomi,11490,phone/phone_05.jpg,"Xiaomi Redmi Note 15 Pro 5G 12GB/256GB là ""quái vật hiệu năng"" cận cao cấp với khung viền Titan siêu bền. Sản phẩm lý tưởng cho game thủ leo rank mượt mà và TikToker sáng tạo nội dung nhờ camera 200MP chống rung OIS cực đỉnh."
2,2,Điện thoại iPhone 13 128GB,Apple,14000,phone/phone_06.jpg,"iPhone 13 128GB là chiếc điện thoại cao cấp có sự cân bằng hoàn hảo giữa hiệu năng và giá trị. Với chip A15 Bionic mạnh mẽ, máy đáp ứng mượt mà mọi nhu cầu từ chiến game đồ họa cao đến xử lý video 4K chuyên nghiệp. Sản phẩm cực kỳ phù hợp cho người dùng yêu thích thiết kế nhỏ gọn nhưng vẫn cần sự bền bỉ và ổn định lâu dài.
Máy sở hữu màn hình Super Retina XDR sắc nét, camera kép 12MP chụp đêm ấn tượng và thời lượng pin vượt trội so với thế hệ trước. Đây là lựa chọn tối ưu cho sinh viên, nhân viên văn phòng muốn trải nghiệm hệ sinh thái iOS ổn định với mức chi phí hợp lý nhất hiện nay."
2,2,Điện thoại OPPO Reno15 Pro 5G 12GB/256GB,Oppo,17490,phone/phone_07.jpg,"OPPO Reno15 Pro 5G 12GB/256GB là ""chuyên gia chân dung"" với thiết kế mặt lưng đổi màu Glow thời thượng và siêu mỏng. Sản phẩm hướng tới giới trẻ yêu thích thời trang, các vlogger và người dùng cần một chiếc điện thoại chụp ảnh đẹp lung linh mà không cần chỉnh sửa phức tạp.
Máy sở hữu RAM 12GB đa nhiệm mượt mà, màn hình cong tràn cạnh 120Hz và sạc siêu nhanh SuperVOOC lấy lại năng lượng tức thì. Điểm nhấn là hệ thống camera tích hợp AI xử lý da tự nhiên, quay video làm đẹp thời gian thực và kết nối 5G siêu tốc, mang lại trải nghiệm giải trí và sáng tạo nội dung hoàn hảo mọi lúc."
2,3,Điện thoại Xiaomi 17 Ultra 5G 16GB/512GB,Xiaomi,32190,phone/phone_08.jpg,"Xiaomi 17 Ultra 5G 16GB/512GB là đỉnh cao nhiếp ảnh di động với cụm camera ống kính Leica thế hệ mới và cảm biến 1 inch cực lớn. Sản phẩm dành riêng cho nhiếp ảnh gia chuyên nghiệp, vlogger và những người đam mê công nghệ muốn sở hữu cấu hình mạnh mẽ nhất thị trường hiện nay.
Máy sở hữu RAM 16GB khổng lồ, chip Snapdragon 8 Gen 5 xử lý AI siêu tốc và màn hình LTPO 2K sắc nét. Với khả năng quay video 8K, sạc nhanh 120W và kháng nước IP68, đây là thiết bị hoàn hảo cho mọi nhu cầu từ làm việc cường độ cao đến giải trí đỉnh cao không giới hạn."
2,3,Samsung Galaxy S26 Ultra 5G 12GB/256GB,Samsung,32990,phone/phone_09.jpg,"Samsung Galaxy S26 Ultra 5G 12GB/256GB là biểu tượng công nghệ với khung viền Titan bền bỉ và bút S Pen quyền năng tích hợp sẵn. Sản phẩm dành cho doanh nhân, người làm việc sáng tạo và những ai cần một thiết bị thay thế máy tính nhỏ gọn cho các tác vụ đa nhiệm đỉnh cao.
Máy sở hữu hệ thống Galaxy AI thế hệ mới hỗ trợ dịch thuật trực tiếp, chỉnh sửa ảnh chuyên nghiệp và camera 200MP Zoom quang học siêu nét. Với màn hình Dynamic AMOLED 2X 120Hz chống chói và thời lượng pin vượt trội, đây là lựa chọn số một để xử lý công việc và giải trí không giới hạn ở bất cứ đâu."
2,3,Điện thoại iPhone 17 Pro Max 256GB,Apple,37890,phone/phone_10.jpg,"iPhone 17 Pro Max là đỉnh cao công nghệ năm 2026 với khung viền Titan siêu nhẹ và chip A19 Pro mạnh mẽ nhất. Sản phẩm dành riêng cho người dùng chuyên nghiệp, Game thủ AAA và các nhà sáng tạo nội dung cần hiệu năng xử lý AI vượt trội. Đây là lựa chọn số một cho trải nghiệm hình ảnh đẳng cấp và đẳng cấp sang trọng.
Máy sở hữu màn hình ProMotion 120Hz siêu mượt, hệ thống camera Zoom quang học 10x và khả năng quay phim điện ảnh chuyên nghiệp. Với thời lượng pin kỷ lục và kết nối vệ tinh tiên tiến, đây là thiết bị hoàn hảo cho mọi nhu cầu làm việc, giải trí đỉnh cao và khẳng định vị thế người sở hữu."
1,1,Camera IP 360 Độ IMOU TA32CP-L,IMOU,500,camera/camera_01.jpg,"Camera IP 360 Độ IMOU TA32CP-L là giải pháp an ninh thông minh 2K sắc nét cho gia đình và cửa hàng. Với khả năng xoay 360 độ linh hoạt và đàm thoại 2 chiều, đây là lựa chọn hàng đầu cho cha mẹ cần giám sát con nhỏ, người già hoặc chủ shop quản lý từ xa qua điện thoại.
Thiết bị tích hợp AI nhận diện người lạ, tự động bám theo chuyển động và gửi cảnh báo tức thì về ứng dụng. Chế độ hồng ngoại ban đêm rõ nét giúp bảo vệ ngôi nhà 24/7. Với thiết kế nhỏ gọn, dễ lắp đặt và hỗ trợ lưu trữ thẻ nhớ 256GB, máy mang lại sự an tâm tuyệt đối và tiện lợi tối đa."
1,1,Camera IP 360 Độ EZVIZ TY1,EZVIZ,470,camera/camera_02.jpg,"Camera IP 360 Độ EZVIZ TY1 là giải pháp an ninh gia đình thông minh với độ phân giải Full HD sắc nét và tầm nhìn ban đêm hồng ngoại 10m. Với khả năng quay quét 360 độ không điểm mù, đây là lựa chọn lý tưởng để giám sát phòng khách, cửa hàng hoặc theo dõi thú cưng từ xa qua ứng dụng điện thoại.
Thiết bị tích hợp tính năng theo dõi chuyển động thông minh và chế độ màn trập riêng tư giúp bảo vệ không gian cá nhân khi cần thiết. Với đàm thoại hai chiều to rõ và hỗ trợ thẻ nhớ 256GB, TY1 mang lại sự an tâm tuyệt đối, kết nối gia đình mọi lúc mọi nơi với chi phí cực kỳ hợp lý."
1,1,Camera IP 360 Độ Dahua DH-H3AE,Dahua,390,camera/camera_03.jpg,"Camera IP 360 Độ Dahua DH-H3AE là giải pháp giám sát an ninh 3MP sắc nét, chuyên dùng cho gia đình và văn phòng hiện đại. Với khả năng quay quét toàn cảnh và đàm thoại hai chiều, đây là lựa chọn tối ưu cho chủ doanh nghiệp quản lý nhân viên hoặc cha mẹ theo dõi con cái từ xa với đường truyền ổn định vượt trội.
Thiết bị tích hợp AI nhận diện dáng người và phát hiện âm thanh bất thường (tiếng khóc, tiếng động lạ) để gửi cảnh báo tức thì. Chế độ hồng ngoại thông minh giúp quan sát ban đêm rõ nét trong phạm vi 10m. Với thiết kế cứng cáp, hỗ trợ thẻ nhớ 256GB và cài đặt nhanh chóng, máy mang lại sự bảo vệ tin cậy và chuyên nghiệp 24/7."
1,2,Camera IP Ngoài Trời 360 Độ TP-Link Tapo C501,TP-Link,1150,camera/camera_04.jpg,"Camera IP Ngoài Trời 360 Độ TP-Link Tapo C500 là giải pháp an ninh ngoài trời bền bỉ với chuẩn kháng nước IP65. Với khả năng xoay quét 360 độ và độ phân giải Full HD sắc nét, đây là lựa chọn hàng đầu để giám sát sân vườn, bãi đỗ xe hoặc cổng nhà, giúp bao quát toàn cảnh không gian rộng lớn.
Thiết bị tích hợp AI nhận diện người thông minh, tự động bám theo chuyển động và gửi thông báo tức thì. Chế độ ban đêm rõ nét, đàm thoại hai chiều và báo động âm thanh/ánh sáng giúp xua đuổi kẻ đột nhập hiệu quả. Với thiết kế linh hoạt dễ lắp đặt trên tường hoặc trần, Tapo C500 mang lại sự an tâm tuyệt đối trước mọi điều kiện thời tiết khắc nghiệt."
1,2,Camera IP Ngoài Trời 360 Độ TP-Link Tapo C510,TP-Link,1350,camera/camera_05.jpg,"Camera Ngoài Trời TP-Link Tapo C510W là giải pháp an ninh 2K siêu nét với khả năng xoay quét 360 độ toàn diện. Với chuẩn kháng nước IP65 và chế độ xem đêm có màu sắc nét, đây là lựa chọn hàng đầu để bảo vệ sân vườn, bãi xe hoặc cổng nhà, giúp nhận diện rõ khuôn mặt và biển số xe ngay cả trong bóng tối.
Thiết bị tích hợp AI nhận diện người thông minh, tự động bám theo chuyển động và phát còi báo động ánh sáng xua đuổi kẻ đột nhập. Với khả năng đàm thoại hai chiều to rõ và thiết kế linh hoạt, Tapo C510W mang lại sự an tâm tuyệt đối, giúp bạn làm chủ an ninh ngôi nhà mọi lúc mọi nơi từ xa qua điện thoại."
1,2,Camera IP 360 Độ Ezviz C6C,EZVIZ,1290,camera/camera_06.jpg,"Camera IP 360 Độ EZVIZ C6C là giải pháp giám sát trong nhà Full HD sắc nét với khả năng quay quét toàn cảnh không điểm mù. Sản phẩm cực kỳ phù hợp cho gia đình có trẻ nhỏ, người già hoặc thú cưng, giúp bạn quan sát mọi ngóc ngách phòng khách, phòng ngủ từ xa qua điện thoại một cách dễ dàng.
Thiết bị tích hợp AI tự động theo dõi chuyển động và chế độ màn trập riêng tư giúp bảo vệ không gian cá nhân khi cần. Với đèn hồng ngoại ban đêm 10m, đàm thoại hai chiều to rõ và khả năng lắp đặt linh hoạt, C6C mang lại sự an tâm tuyệt đối và kết nối gia đình trọn vẹn với chi phí tối ưu."
1,2,Camera IP 360 Độ TIANDY TC-H322N,Tiandy,1000,camera/camera_07.jpg,"Camera IP 360 Độ Tiandy TC-H322N là giải pháp giám sát trong nhà 2MP sắc nét với khả năng quay quét toàn cảnh không điểm mù. Sản phẩm cực kỳ phù hợp cho gia đình, cửa hàng nhỏ hoặc văn phòng cần một thiết bị an ninh ổn định, dễ lắp đặt và quản lý từ xa qua điện thoại với chi phí tối ưu.
Thiết bị tích hợp chuẩn nén S+265 giúp tiết kiệm đến 75% không gian lưu trữ và băng thông truyền tải. Với đèn hồng ngoại ban đêm 10m, đàm thoại hai chiều to rõ và tính năng phát hiện chuyển động thông minh, TC-H322N mang lại sự an tâm tuyệt đối và kết nối thông suốt 24/7."
1,3,Camera IP Ngoài trời 360 Độ Dahua DH-P3AS-PV,Dahua,1650,camera/camera_08.jpg,"Camera Ngoài Trời Dahua DH-P3AS-PV là giải pháp an ninh chuyên nghiệp với độ phân giải 3MP sắc nét và khả năng quay quét 360 độ toàn diện. Với chuẩn kháng nước IP66 và chế độ ban đêm có màu, đây là lựa chọn hàng đầu để bảo vệ sân vườn, cửa tiệm hoặc bãi xe, giúp nhận diện rõ mọi chi tiết dưới mọi điều kiện thời tiết.
Thiết bị tích hợp AI nhận diện người và xe thông minh, tự động phát còi hú và đèn chớp để báo động chủ động khi có xâm nhập trái phép. Với đàm thoại hai chiều to rõ và khả năng lưu trữ linh hoạt, DH-P3AS-PV mang lại sự an tâm tuyệt đối và giải pháp phòng thủ từ xa hiệu quả cho mọi không gian ngoại thất."
1,3,Camera IP Ngoài Trời 360 Độ Ezviz H8,EZVIZ,1500,camera/camera_09.jpg,"Camera IP Ngoài Trời EZVIZ H8 là giải pháp an ninh 360 độ mạnh mẽ với độ phân giải 2K sắc nét và khả năng chống chịu thời tiết khắc nghiệt. Với thiết kế xoay bốn chiều không điểm mù, đây là lựa chọn hoàn hảo để giám sát sân vườn, cổng nhà hoặc trang trại, giúp bao quát toàn bộ không gian rộng lớn chỉ với một thiết bị duy nhất.
Máy tích hợp AI nhận diện dáng người, tự động theo dõi chuyển động và quay trở lại điểm quan sát cố định chỉ bằng một cú chạm. Chế độ ghi hình màu ban đêm, còi hú báo động và đàm thoại hai chiều giúp bảo vệ ngôi nhà chủ động và hiệu quả 24/7 qua ứng dụng di động."
1,3,Camera IP Ngoài Trời 360 Độ Ezviz H8C Pro,EZVIZ,1690,camera/camera_10.jpg,"Camera Ngoài Trời EZVIZ H8C Pro là giải pháp an ninh 2K+ siêu nét với khả năng quay quét 360 độ không điểm mù. Với chuẩn kháng nước IP65 và ghi hình màu ban đêm, đây là lựa chọn hàng đầu để bảo vệ sân vườn, bãi đỗ xe hoặc cổng nhà, giúp nhận diện rõ mọi chi tiết dưới mọi điều kiện thời tiết khắc nghiệt.
Thiết bị tích hợp AI nhận diện dáng người và xe thông minh, tự động bám theo chuyển động và phát còi hú kèm đèn chớp để báo động chủ động. Với đàm thoại hai chiều to rõ và thiết kế linh hoạt, H8C Pro mang lại sự an tâm tuyệt đối và giải pháp phòng thủ từ xa hiệu quả 24/7 qua điện thoại."
3,1,Vòng đeo tay thông minh Huawei Band 11 viền nhôm dây Fluor,Huawei,990,smartwatch/smartwatch_01.jpg,"Vòng đeo tay thông minh Huawei Band 11 là sự kết hợp hoàn hảo giữa thiết kế viền nhôm sang trọng và dây đeo Fluor bền bỉ, êm ái. Sản phẩm hướng tới những người năng động, nhân viên văn phòng và người yêu thể thao cần một thiết bị theo dõi sức khỏe chuyên nghiệp, mỏng nhẹ nhưng vẫn đầy đủ tính năng cao cấp.
Máy sở hữu màn hình AMOLED rực rỡ, tích hợp AI theo dõi nhịp tim, giấc ngủ và nồng độ oxy trong máu (SpO2) chính xác 24/7. Với hơn 100 chế độ tập luyện, khả năng kháng nước 5ATM và thời lượng pin ấn tượng lên đến 14 ngày, Huawei Band 11 mang lại sự tiện lợi tối đa, giúp bạn làm chủ sức khỏe và phong cách sống hiện đại."
3,1,Đồng hồ định vị trẻ em Masstel Smart Hero Star,Masstel,950,smartwatch/smartwatch_02.jpg,"Đồng hồ định vị trẻ em Masstel Smart Hero Star là thiết bị an toàn thông minh giúp phụ huynh luôn kết nối và bảo vệ con cái từ xa. Với công nghệ định vị đa chế độ (GPS, Wi-Fi, LBS) chính xác, đây là lựa chọn số một cho cha mẹ có con trong độ tuổi đi học, cần giám sát hành trình và liên lạc nhanh chóng.
Sản phẩm hỗ trợ nghe gọi video 4G sắc nét, chụp ảnh từ xa và thiết lập vùng an toàn thông minh. Với nút bấm SOS khẩn cấp, chế độ lớp học tập trung và khả năng kháng nước bền bỉ, Smart Hero Star mang lại sự an tâm tuyệt đối cho gia đình, giúp trẻ tự tin khám phá thế giới trong tầm kiểm soát an toàn của cha mẹ."
3,1,Vòng tay thông minh Samsung Galaxy Fit3,Samsung,890,smartwatch/smartwatch_03.jpg,"Vòng tay thông minh Samsung Galaxy Fit3 là thiết bị theo dõi sức khỏe tối ưu với màn hình AMOLED 1.6 inch rộng rãi và khung nhôm bền bỉ. Sản phẩm dành cho người dùng trẻ năng động, nhân viên văn phòng và người dùng hệ sinh thái Galaxy cần một thiết bị hỗ trợ tập luyện chuyên sâu, gọn nhẹ với mức giá cực kỳ tiếp cận.Máy tích hợp hơn 100 chế độ tập luyện, theo dõi giấc ngủ chi tiết và nồng độ oxy trong máu (SpO2). Điểm vượt trội là tính năng phát hiện té ngã, SOS khẩn cấp và thời lượng pin ấn tượng lên đến 13 ngày. Với chuẩn kháng nước 5ATM/IP68 và khả năng đồng bộ thông báo thông minh, Galaxy Fit3 giúp bạn duy trì lối sống lành mạnh và kết nối xuyên suốt mọi lúc mọi nơi."
3,2,Garmin Forerunner 165 43mm dây silicone,Garmin,3990,smartwatch/smartwatch_04.jpg,"Garmin Forerunner 165 43mm là đồng hồ chạy bộ chuyên dụng với màn hình AMOLED rực rỡ và dây silicone êm ái, bền bỉ. Sản phẩm dành riêng cho người mới bắt đầu chạy bộ, vận động viên phong trào và những ai cần một huấn luyện viên ảo ngay trên cổ tay để cải thiện thành tích cá nhân (PR) một cách khoa học.Máy tích hợp GPS chính xác, cảm biến nhịp tim thế hệ mới và tính năng Garmin Coach cá nhân hóa lộ trình tập luyện. Điểm vượt trội là khả năng đo động lực học chạy bộ, đánh giá trạng thái phục hồi và theo dõi giấc ngủ chuyên sâu. Với thời lượng pin lên đến 11 ngày và thiết kế siêu nhẹ, Forerunner 165 là người bạn đồng hành tin cậy trên mọi cung đường và trong cuộc sống hàng ngày."
3,2,Đồng Hồ Định Vị Trẻ Em imoo Z1 Xanh dương,imoo,1390,smartwatch/smartwatch_05.jpg,"Đồng hồ định vị trẻ em imoo Z1 (Xanh dương) là thiết bị liên lạc thông minh cao cấp với khả năng gọi Video Call 4G sắc nét và âm thanh to rõ. Sản phẩm dành cho phụ huynh muốn giữ kết nối liên tục với con cái, đảm bảo an toàn tuyệt đối cho bé khi đi học, đi dã ngoại hay vui chơi ngoài trời.
Máy sở hữu công nghệ định vị GPS chính xác, chế độ lớp học tập trung và khả năng kháng nước IPX8 bền bỉ nhất phân khúc. Với dung lượng pin lớn cho thời gian chờ lên đến 7 ngày và thiết kế màu xanh năng động, imoo Z1 không chỉ là món đồ chơi công nghệ yêu thích của trẻ mà còn là ""vệ sĩ ảo"" đáng tin cậy giúp cha mẹ luôn an tâm mọi lúc mọi nơi."
3,2,Xiaomi Redmi Watch 5 47.5 mm dây TPU,Xiaomi,2650,smartwatch/smartwatch_06.jpg,"Xiaomi Redmi Watch 5 (47.5 mm) thiết lập chuẩn mực mới cho smartwatch phân khúc tầm trung với màn hình AMOLED 2.07 inch rực rỡ và viền siêu mỏng. Với khung hợp kim nhôm sang trọng và dây TPU bền bỉ, đây là lựa chọn tối ưu cho người dùng trẻ cần một thiết bị thời thượng, hỗ trợ nghe gọi Bluetooth rõ nét nhờ công nghệ chống ồn 2-MIC và hệ điều hành HyperOS mượt mà.
Đồng hồ tích hợp GPS đa hệ thống, hơn 150 chế độ thể thao và khả năng kháng nước 5ATM. Điểm ấn tượng nhất là viên pin 550mAh cho thời gian sử dụng lên đến 24 ngày, đi kèm các tính năng theo dõi sức khỏe chuyên sâu như SpO2, nhịp tim và giấc ngủ, giúp bạn làm chủ cuộc sống năng động một cách trọn vẹn."
3,2,Đồng hồ định vị trẻ em Kidcare Sight S26 4G,Kidcare,1590,smartwatch/smartwatch_07.jpg,"Đồng hồ định vị trẻ em Kidcare Sight S26 4G là người bạn đồng hành an toàn với màn hình 1.8 inch rõ nét và dây đeo cao su êm ái. Sản phẩm hỗ trợ Video Call 4G sắc nét, giúp cha mẹ dễ dàng quan sát và liên lạc với con mọi lúc mọi nơi. Với hệ thống định vị GPS/GLONASS chính xác, đây là lựa chọn tối ưu để giám sát hành trình của trẻ khi đi học hoặc dã ngoại.
Thiết bị tích hợp các tính năng bảo vệ chủ động như nút SOS khẩn cấp, thiết lập vùng an toàn và chặn số lạ. Với chuẩn kháng nước IP68 bền bỉ, chế độ lớp học tập trung và thời lượng pin ổn định, Sight S26 giúp bé tự do khám phá trong khi phụ huynh hoàn toàn an tâm quản lý qua ứng dụng chuyên dụng."
3,3,Apple Watch SE 3 GPS 40mm viền nhôm dây thể thao,Apple,6790,smartwatch/smartwatch_08.jpg,"Apple Watch SE 3 GPS 40mm là sự kết hợp hoàn hảo giữa hiệu năng mạnh mẽ của chip S10 và thiết kế nhôm tái chế bền bỉ. Với màn hình Retina Always-On lần đầu xuất hiện trên dòng SE và độ sáng 1000 nit, đây là lựa chọn tối ưu cho người dùng iPhone muốn trải nghiệm hệ sinh thái Apple đầy đủ với chi phí hợp lý.



Thiết bị tích hợp các tính năng sức khỏe tiên tiến như phát hiện ngưng thở khi ngủ, theo dõi chu kỳ qua cảm biến nhiệt độ và cảnh báo va chạm. Với khả năng kháng nước 50m, sạc nhanh gấp đôi thế hệ trước và hệ điều hành watchOS 26 mượt mà, SE 3 là người đồng hành đáng tin cậy cho sức khỏe và kết nối thông minh mỗi ngày."
3,3,Garmin Lily 2 34mm dây silicone,Garmin,6290,smartwatch/smartwatch_09.jpg,"Garmin Lily 2 34mm là chiếc đồng hồ thông minh nhỏ nhắn nhất với mặt kính họa tiết tinh xảo và màn hình ẩn độc đáo. Với dây silicone êm ái và viền kim loại sang trọng, đây là lựa chọn hoàn mỹ cho phụ nữ hiện đại cần một món trang sức thời thượng tích hợp các tính năng theo dõi sức khỏe chuyên sâu như nhịp tim, mức độ căng thẳng và năng lượng cơ thể (Body Battery).Thiết bị hỗ trợ theo dõi chu kỳ kinh nguyệt, thai kỳ và các chế độ tập luyện thể thao như Yoga, Pilates, Khiêu vũ. Với khả năng kết nối GPS qua điện thoại, thông báo thông minh và tính năng an toàn, Lily 2 giúp phái đẹp luôn rạng rỡ, tự tin và làm chủ sức khỏe mỗi ngày với thời lượng pin lên đến 5 ngày."
3,3,Garmin Forerunner 965 47.2mm dây silicone,Garmin,16490,smartwatch/smartwatch_10.jpg,"Garmin Forerunner 965 47.2mm là đỉnh cao của đồng hồ chạy bộ và ba môn phối hợp với màn hình AMOLED 1.4 inch rực rỡ và viền Titanium siêu nhẹ. Đây là lựa chọn số một cho vận động viên chuyên nghiệp và người chơi Marathon cần bản đồ ngoại tuyến màu, GPS đa băng tần (GNSS) chính xác tuyệt đối trên mọi địa hình hiểm trở.



Thiết bị tích hợp các chỉ số chuyên sâu như Sẵn sàng tập luyện, Động lực học chạy bộ trên cổ tay và đề xuất bài tập hàng ngày cá nhân hóa. Với thời lượng pin ấn tượng lên đến 23 ngày ở chế độ đồng hồ thông minh và khả năng lưu trữ nhạc trực tiếp, Forerunner 965 không chỉ là một thiết bị theo dõi mà còn là người trợ lý bền bỉ, giúp bạn phá vỡ mọi giới hạn cá nhân."
4,1,Máy tính bảng Masstel Tab 11 Ultra 4G 4GB/128GB,Masstel,3790,tablet/tablet_01.jpg,"Máy tính bảng Masstel Tab 11 Ultra 4G là giải pháp giải trí và học tập lý tưởng với màn hình 10.95 inch IPS LCD sắc nét và thiết kế mặt lưng nhôm sang trọng. Với cấu hình 4GB RAM và 128GB bộ nhớ trong (hỗ trợ thẻ nhớ 1TB), máy đáp ứng mượt mà các tác vụ văn phòng, học online và xem phim giải trí mỗi ngày.Thiết bị sở hữu viên pin lớn 8000 mAh cùng sạc nhanh 18W, đảm bảo hoạt động bền bỉ suốt cả ngày dài. Tích hợp kết nối 4G LTE linh hoạt, camera sau 13MP và hệ điều hành Android 15 hiện đại, Tab 11 Ultra là lựa chọn kinh tế cho học sinh, sinh viên và người dùng cần một chiếc tablet màn hình lớn, đa năng với mức giá cực kỳ tiếp cận."
4,1,Máy tính bảng HONOR Pad X7 WiFi 4GB/64GB,Honor,3690,tablet/tablet_02.jpg,"Máy tính bảng HONOR Pad X7 WiFi là sự kết hợp hoàn hảo giữa thiết kế kim loại mỏng nhẹ và hiệu năng ổn định từ chip Snapdragon 680. Với màn hình 8.7 inch 90Hz đạt chuẩn bảo vệ mắt TÜV Rheinland, đây là lựa chọn lý tưởng cho học sinh học tập online, người già đọc báo hoặc trẻ em giải trí an toàn qua Google Kids Space.
Thiết bị sở hữu viên pin lớn 7020 mAh hỗ trợ sạc ngược tiện lợi và hệ thống âm thanh vòm sống động. Chạy trên hệ điều hành Android 15 tích hợp AI Gemini thông minh, HONOR Pad X7 mang đến trải nghiệm mượt mà, cơ động và bền bỉ, đáp ứng trọn vẹn nhu cầu kết nối và giải trí hàng ngày với mức giá cực kỳ hấp dẫn."
4,1,Máy tính bảng Samsung Galaxy Tab A11 4G 4GB/64GB,Samsung,4990,tablet/tablet_03.jpg,"Máy tính bảng Samsung Galaxy Tab A11 4G là thiết bị giải trí di động nhỏ gọn với màn hình 8.7 inch hỗ trợ tần số quét 90Hz mượt mà. Với thiết kế nhôm nguyên khối sang trọng và trọng lượng siêu nhẹ chỉ 335g, đây là lựa chọn hoàn hảo cho người dùng thường xuyên di chuyển, học sinh học tập online hoặc nhân viên kinh doanh cần một thiết bị hỗ trợ công việc linh hoạt mọi lúc mọi nơi qua kết nối 4G LTE.
Máy trang bị chip MediaTek Helio G99 ổn định, loa kép Dolby Atmos sống động và viên pin 5100 mAh đáp ứng tốt nhu cầu sử dụng cả ngày. Tích hợp hệ điều hành Android 15 với giao diện One UI hiện đại, Tab A11 mang đến trải nghiệm mượt mà, hỗ trợ mở khóa khuôn mặt tiện lợi và lưu trữ mở rộng lên đến 1TB, giúp bạn làm chủ mọi tác vụ giải trí và học tập cơ bản."
4,2,Máy tính bảng OPPO Pad Neo 4G 8GB/128GB,Oppo,7850,tablet/tablet_04.jpg,"Máy tính bảng OPPO Pad Neo 4G sở hữu màn hình 11.4 inch độ phân giải 2.4K sắc nét với tỉ lệ 7:5 độc đáo, mang lại trải nghiệm đọc sách và làm việc như trên giấy thật. Với cấu hình mạnh mẽ 8GB RAM và kết nối 4G LTE siêu tốc, đây là lựa chọn hàng đầu cho những người làm việc sáng tạo, sinh viên và người yêu thích giải trí di động cần một thiết bị đa năng, kết nối internet mọi lúc mọi nơi.
Máy trang bị hệ thống 4 loa Dolby Atmos sống động, viên pin lớn 8000 mAh cùng sạc nhanh SuperVOOC 33W đảm bảo trải nghiệm không gián đoạn. Tích hợp các tính năng bảo vệ mắt thông minh và hệ điều hành ColorOS mượt mà, OPPO Pad Neo không chỉ là thiết bị giải trí đỉnh cao mà còn là công cụ hỗ trợ đắc lực cho lối sống năng động và hiện đại."
4,2,Máy tính bảng Samsung Galaxy Tab S10 Lite 5G 6GB/128GB,Samsung,7899,tablet/tablet_05.jpg,"Máy tính bảng Samsung Galaxy Tab S10 Lite 5G là thiết bị đa năng hoàn hảo cho học tập và sáng tạo với màn hình 10.9 inch 90Hz sắc nét và bút S Pen đi kèm tiện lợi. Với cấu hình 6GB RAM và kết nối 5G siêu tốc, đây là lựa chọn tối ưu cho sinh viên, người làm nội dung và nhân viên văn phòng cần một thiết bị mỏng nhẹ để ghi chú, phác thảo ý tưởng và làm việc trực tuyến mọi lúc mọi nơi.Máy trang bị chip Exynos 1380 ổn định, hệ thống loa kép Dolby Atmos sống động và viên pin lớn 8000 mAh hỗ trợ sạc nhanh. Chạy trên Android 15 với giao diện One UI 7 hiện đại, Tab S10 Lite mang đến trải nghiệm làm việc như PC qua chế độ Samsung DeX, giúp bạn tối ưu hóa hiệu suất và khơi nguồn cảm hứng trong một thiết kế nhôm nguyên khối sang trọng."
4,2,Máy tính bảng Lenovo Idea Tab 5G 8GB/128GB,Lenovo,6690,tablet/tablet_06.jpg,"Máy tính bảng Lenovo Idea Tab 5G là thiết bị học tập và giải trí đỉnh cao với màn hình 11 inch độ phân giải 2.5K (90Hz) siêu nét và hỗ trợ bút cảm ứng chuyên dụng. Với cấu hình mạnh mẽ 8GB RAM và kết nối 5G tốc độ cao, đây là lựa chọn hàng đầu cho học sinh, sinh viên cần một chiếc tablet mượt mà để đa nhiệm ứng dụng học tập, ghi chú thông minh AI và giải trí HDR sống động.
Máy trang bị chip Dimensity 6300 tối ưu năng lượng, hệ thống 4 loa Dolby Atmos và viên pin 7040 mAh bền bỉ. Thiết kế kim loại mỏng nhẹ chỉ 6.99mm cùng hệ điều hành Android 15 tích hợp các tính năng AI Note độc quyền, Lenovo Idea Tab 5G giúp bạn khơi nguồn sáng tạo và duy trì hiệu suất công việc mọi lúc mọi nơi."
4,2,Máy tính bảng iPad A16 WiFi 128GB,Apple,9490,tablet/tablet_07.jpg,"Máy tính bảng iPad A16 WiFi 128GB (iPad Gen 11) đánh dấu bước tiến mới với bộ nhớ khởi điểm gấp đôi thế hệ cũ và sức mạnh vượt trội từ chip A16 Bionic. Đây là lựa chọn quốc dân cho học sinh, sinh viên và gia đình cần một thiết bị bền bỉ, mượt mà để học tập, sáng tạo nội dung và giải trí chất lượng cao trên màn hình Liquid Retina 11 inch tuyệt đẹp.Máy sở hữu camera trước 12MP Center Stage đặt ngang tối ưu cho gọi video, hỗ trợ Apple Pencil và Magic Keyboard Folio biến thiết bị thành công cụ làm việc chuyên nghiệp. Với Wi-Fi 6 siêu tốc, Touch ID tích hợp nút nguồn và hệ điều hành iPadOS 19 tối ưu AI, iPad A16 mang lại giá trị sử dụng lâu dài và trải nghiệm hệ sinh thái Apple hoàn hảo trong phân khúc giá phổ thông."
4,3,Máy tính bảng Xiaomi Pad 8 Pro 8GB/128GB,Xiaomi,11490,tablet/tablet_08.jpg,"Máy tính bảng Xiaomi Pad 8 Pro 8GB/128GB là biểu tượng của hiệu năng vượt trội với chip Snapdragon 8s Gen 4 mạnh mẽ và màn hình 3.2K siêu nét. Với tần số quét 144Hz mượt mà và thiết kế kim loại nguyên khối siêu mỏng, đây là lựa chọn hàng đầu cho game thủ chuyên nghiệp, người làm đồ họa và biên tập video cần một thiết bị xử lý tác vụ nặng với tốc độ cực nhanh.
Máy trang bị viên pin khủng 10.000 mAh cùng sạc nhanh 120W giúp nạp đầy năng lượng chỉ trong tích tắc. Tích hợp hệ thống 8 loa Dolby Atmos âm thanh vòm sống động, Wi-Fi 7 siêu tốc và hệ điều hành HyperOS 2.0 tối ưu đa nhiệm, Xiaomi Pad 8 Pro biến mọi trải nghiệm giải trí và làm việc trở nên hoàn hảo, xứng danh ""flagship killer"" trong thế giới máy tính bảng."
4,3,Máy tính bảng iPad Air M3 11 inch WiFi 128GB,Apple,14990,tablet/tablet_09.jpg,"Máy tính bảng iPad Air M3 11 inch WiFi 128GB mang đến hiệu năng đột phá từ chip M3, đáp ứng hoàn hảo mọi nhu cầu từ học tập, thiết kế đồ họa đến chơi game AAA. Với màn hình Liquid Retina sắc nét hỗ trợ dải màu P3 và lớp phủ chống chói, đây là lựa chọn tối ưu cho sinh viên ngành sáng tạo và người dùng chuyên nghiệp cần một thiết bị mạnh mẽ nhưng vẫn cực kỳ cơ động.Máy sở hữu camera trước Ultra Wide đặt ngang với tính năng Center Stage, tương thích hoàn toàn với Apple Pencil Pro và Magic Keyboard. Với Wi-Fi 6E siêu tốc, cổng USB-C đa năng và hệ điều hành iPadOS 19 tối ưu cho đa nhiệm và AI, iPad Air M3 là sự thay thế laptop tuyệt vời, kết hợp giữa vẻ đẹp tinh tế và sức mạnh xử lý vượt trội của hệ sinh thái Apple."
4,3,Máy tính bảng Samsung Galaxy Tab S11 5G 12GB/128GB,Samsung,20990,tablet/tablet_10.jpg,"Máy tính bảng Samsung Galaxy Tab S11 5G (12GB/128GB) là biểu tượng của máy tính bảng Android cao cấp với chip MediaTek Dimensity 9400+ siêu mạnh mẽ và màn hình Dynamic AMOLED 2X 11 inch 120Hz. Với lớp phủ chống phản chiếu (Anti-Reflection) mới và độ sáng 1600 nits, đây là công cụ tối ưu cho các chuyên gia sáng tạo, doanh nhân và người dùng cần một thiết bị làm việc di động mạnh mẽ như PC qua chế độ Samsung DeX.
Máy đi kèm bút S Pen thế hệ mới, tích hợp sâu các tính năng Galaxy AI thông minh giúp tóm tắt văn bản, chỉnh sửa ảnh và dịch thuật tức thì. Với thiết kế nhôm Armor Aluminum siêu mỏng chỉ 5.5mm, chuẩn kháng nước IP68 và kết nối 5G siêu tốc, Galaxy Tab S11 mang lại trải nghiệm đỉnh cao, kết hợp hoàn hảo giữa tính thẩm mỹ và hiệu suất xử lý vượt trội."
5,1,Bàn Phím Có Dây Logitech K120,Logitech,165,keyboard/keyboard_1.jpg,"Bàn phím có dây Logitech K120 là dòng bàn phím full-size phổ thông đến từ Thụy Sỹ, sở hữu thiết kế mỏng nhẹ và thanh lịch, mang lại sự bền bỉ tối ưu cho môi trường làm việc cường độ cao. Sản phẩm là lựa chọn quốc dân cho nhân viên văn phòng, học sinh và sinh viên cần một công cụ nhập liệu ổn định để soạn thảo văn bản hay tính toán số liệu trên các hệ điều hành phổ biến. Với cấu trúc 104 phím tiêu chuẩn cùng phím bấm êm ái, bàn phím giải quyết tốt nhu cầu làm việc nhanh chóng và chính xác thông qua kết nối USB plug-and-play ổn định. Điểm nhấn vượt trội là tính năng chống đổ tràn thông minh giúp bảo vệ thiết bị trước các sự cố chất lỏng, kết hợp cùng độ bền cao và mức chi phí tiết kiệm, đảm bảo hiệu suất vận hành lâu dài cho mọi không gian làm việc."
5,1,Bàn Phím Có Dây Gaming Rapoo V50S,Rapoo ,285,keyboard/keyboard_2.jpg,"Bàn phím có dây Gaming Rapoo V50S là dòng bàn phím giả cơ phổ thông sở hữu thiết kế năng động và hệ thống đèn LED RGB đa sắc, mang lại cảm hứng cá tính cho không gian giải trí chuyên nghiệp. Sản phẩm là lựa chọn hàng đầu cho học sinh, sinh viên và game thủ mới bắt đầu cần một thiết bị bền bỉ, thẩm mỹ để phục vụ cả việc học tập lẫn chơi game với chi phí tối ưu. Với bố cục 104 phím tiêu chuẩn trên nền chất liệu nhựa ABS chịu lực, bàn phím giải quyết tốt nhu cầu nhập liệu văn bản chính xác và các thao tác tổ hợp phím phức tạp qua kết nối USB ổn định. Điểm nhấn vượt trội là trọng lượng siêu nhẹ chỉ 550g cùng khả năng tương thích hoàn hảo với Windows, giúp người dùng dễ dàng mang theo trong balo và duy trì hiệu suất làm việc linh hoạt ở mọi nơi."
5,1,Bàn Phím Bluetooth Dareu LK160D,Dareu ,390,keyboard/keyboard_3.jpg,"Bàn phím Bluetooth Dareu LK160D là dòng phím không dây rút gọn (86 phím) phân khúc phổ thông, giải pháp lý tưởng cho dân văn phòng và sinh viên cần làm việc di động trên Windows, macOS hay điện thoại. Với cấu trúc phím cắt kéo (Scissor) mang lại cảm giác gõ êm ái và yên tĩnh, sản phẩm hỗ trợ kết nối linh hoạt qua Bluetooth hoặc đầu thu USB trong phạm vi 10m. Điểm nhấn nổi bật là trọng lượng siêu nhẹ chỉ 398g, cổng sạc Type-C hiện đại cho thời lượng sử dụng bền bỉ tới 175 giờ, giúp tối ưu không gian làm việc nhỏ gọn và tiện lợi khi mang theo ra ngoài."
5,2,Bàn Phím Bluetooth Logitech K380s,Logitech ,730,keyboard/keyboard_4.jpg,"Bàn phím Bluetooth Logitech K380s là dòng bàn phím không dây Compact (79 phím) cao cấp từ Thụy Sỹ, mang thiết kế thanh lịch và gam màu hồng trang nhã. Sản phẩm là lựa chọn hoàn hảo cho dân văn phòng và người dùng sáng tạo cần sự gọn nhẹ để làm việc di động trên Windows, macOS hay máy tính bảng. Với kết nối Bluetooth ổn định trong phạm vi 10m và khả năng tùy chỉnh qua phần mềm Logi Options+, bàn phím giúp tối ưu không gian làm việc nhỏ nhắn. Điểm nhấn nổi bật là trọng lượng chỉ 423g, sử dụng 2 viên pin AAA tiện lợi, mang lại trải nghiệm gõ phím êm ái và bền bỉ suốt thời gian dài."
5,2,Bàn phím cơ AULA F75,AULA,1050,keyboard/keyboard_5.jpg,"Bàn phím cơ AULA F75 là dòng bàn phím cơ Gasket mount cao cấp với layout 80 phím gọn gàng, mang lại trải nghiệm gõ phím cực kỳ êm ái nhờ lót sẵn 5 lớp foam triệt âm. Đây là lựa chọn hàng đầu cho các lập trình viên và game thủ cần sự linh hoạt nhờ khả năng kết nối 3 chế độ: USB Type-C, Bluetooth và Wireless 2.4G ổn định. Sản phẩm sở hữu mạch xuôi cùng tính năng Hotswap 5-pin giúp người dùng dễ dàng tùy biến switch theo sở thích cá nhân. Điểm nhấn ấn tượng là hệ thống LED RGB rực rỡ trên Plate PC và cấu trúc đệm Gasket bền bỉ, tạo nên sự chuyên nghiệp và cảm hứng làm việc tối đa trong tầm giá 1 triệu đồng."
5,2,Bàn phím cơ Yunzii C75,Yunzii ,1800,keyboard/keyboard_6.jpg,"Bàn phím cơ Yunzii C75 Cake Meow là dòng phím 75% (84 phím) cao cấp mang thiết kế tai mèo ""siêu cute"", phụ kiện đồng bộ hoàn hảo để làm quà tặng cho phái nữ yêu phong cách ngọt ngào. Với cấu trúc Gasket Mount kết hợp foam nhiều lớp và switch Linear êm ái, sản phẩm giải quyết nhu cầu gõ phím yên tĩnh, mượt mà cho các bạn nữ làm văn phòng hoặc sáng tạo nội dung. Điểm nhấn nổi bật là kết nối 3 chế độ linh hoạt, pin khủng 5500 mAh và hệ thống LED RGB South-facing rực rỡ, mang lại trải nghiệm sử dụng tinh tế và bền bỉ trên cả Windows lẫn macOS."
5,2,Bàn phím cơ Fullsize Weikav NUT108 ,Weikav,2690,keyboard/keyboard_7.jpg,"Bàn phím cơ Fullsize Weikav NUT108 là dòng phím nhôm CNC nguyên khối cao cấp (108 phím), giải pháp đẳng cấp cho người dùng chuyên nghiệp và các tín đồ custom phím cần sự đầm chắc, sang trọng. Với cơ chế Ball Catch tháo lắp nhanh không dùng ốc và mạch Flexcut 1.2mm, sản phẩm mang lại trải nghiệm gõ HIFI nhún nhảy, êm ái kèm âm thanh tiêu âm cực tốt. Điểm nhấn vượt trội là viên pin khủng 10.000mAh, kết nối 3 chế độ linh hoạt và hệ thống Double Light Bar với LED viền rực rỡ, giúp tối ưu hóa hiệu suất làm việc và thẩm mỹ cho không gian setup hi-end."
5,3,Magic Keyboard cho iPad Pro M4/M5 11 inch,Apple,8190,keyboard/keyboard_8.jpg,"Bàn phím Apple Magic Keyboard cho iPad Pro 11 inch (M4) là phụ kiện cao cấp biến máy tính bảng thành laptop chuyên nghiệp, mang lại trải nghiệm gõ phím tuyệt vời và chính xác. Sản phẩm là lựa chọn hàng đầu cho doanh nhân và người dùng sáng tạo cần sự mỏng nhẹ, linh hoạt để làm việc hiệu suất cao trên iPadOS mọi lúc mọi nơi. Với kết nối Smart Connector tức thì và tích hợp Trackpad điều khiển con trỏ mượt mà, bàn phím giúp tối ưu hóa các tác vụ đa nhiệm phức tạp. Điểm nhấn nổi bật là thiết kế siêu mỏng, tích hợp đèn nền LED tiện dụng và cổng sạc USB-C riêng biệt, đảm bảo không gian làm việc tối giản và sang trọng."
5,3,Bàn phím cơ EVO75,Evoworks,4000,keyboard/keyboard_9.jpg,"Bàn phím cơ Evoworks Evo75 là dòng phím custom 75% cao cấp với khung nhôm CNC 6063 nguyên khối, mang lại trải nghiệm gõ ""đầm"" và sang trọng bậc nhất cho các tín đồ công nghệ. Sản phẩm là lựa chọn tối ưu cho lập trình viên và người dùng hi-end cần sự linh hoạt nhờ kết nối 3 chế độ cùng khả năng tùy chỉnh phím qua phần mềm VIA/QMK chuyên nghiệp. Với cấu trúc lò xo cánh bướm (Butterfly Leaf Spring) độc đáo và dung lượng pin khủng 8000mAh, bàn phím giải quyết triệt để nhu cầu về cảm giác gõ đàn hồi và thời gian sử dụng không dây cực dài. Điểm nhấn vượt trội là cơ chế tháo lắp nhanh ball-catch không dùng vít và hệ thống LED mạch xuôi tinh tế, tạo nên một không gian làm việc đẳng cấp và đầy cảm hứng."
5,3,Bàn phím cơ Datamancer The Machinist,Datamancer,18200,keyboard/keyboard_10.jpg,"Bàn phím cơ Datamancer The Machinist là dòng sản phẩm thủ công cao cấp với khung nhôm đúc nguyên khối, mang phong cách cơ khí công nghiệp (Industrial) độc bản và sang trọng. Đây là lựa chọn đẳng cấp dành cho những nhà sưu tầm hoặc người dùng yêu thích vẻ đẹp hoài cổ, muốn tìm kiếm cảm giác gõ khác biệt trên các hệ điều hành Windows, macOS hay Linux. Với switch Cherry MX Blue từ Đức tạo tiếng click đặc trưng như máy đánh chữ cổ điển và bộ keycap bọc kim loại siêu bền, sản phẩm giải quyết hoàn hảo nhu cầu về một thiết bị nhập liệu vừa là tác phẩm nghệ thuật, vừa có độ bền cực cao. Điểm nhấn vượt trội là hệ thống chân đế dạng bánh răng cơ khí, dây cáp bọc vải dù 1.8m chắc chắn và khả năng hỗ trợ phần cứng đa dạng các layout phím, khẳng định vị thế cá nhân trong mọi không gian làm việc."
9,1,Chuột Có dây Silent Rapoo N1200,Rapoo ,95,mouse/mouse_1.jpg,"Chuột có dây Silent Rapoo N1200 là dòng chuột quang văn phòng phân khúc giá rẻ với thiết kế đối xứng lịch lãm, phù hợp cho cả người thuận tay trái và tay phải. Sản phẩm là lựa chọn tối ưu cho học sinh, sinh viên và nhân viên văn phòng cần sự tập trung cao độ nhờ tích hợp công nghệ Silent giúp click chuột êm ái, không gây tiếng ồn khó chịu trong môi trường yên tĩnh. Với độ phân giải 1000 DPI chuẩn xác và dây cắm USB dài 152 cm kết nối ổn định, chuột giải quyết tốt các tác vụ lướt web, soạn thảo văn bản và chỉnh sửa ảnh cơ bản trên Windows. Điểm nhấn nổi bật là trọng lượng siêu nhẹ 85g cùng bánh xe lăn chống trượt bền bỉ, mang lại cảm giác di chuyển mượt mà và tiện lợi cho nhu cầu làm việc hàng ngày."
9,1,Chuột Không dây Silent Rapoo B2S,Rapoo ,170,mouse/mouse_2.jpg,"Chuột không dây Silent Rapoo B2S màu xanh là dòng chuột quang không dây phân khúc phổ thông với thiết kế công thái học đối xứng, phù hợp cho cả người thuận tay trái và tay phải. Sản phẩm là lựa chọn lý tưởng cho sinh viên và nhân viên văn phòng cần sự yên tĩnh tối đa khi làm việc ban đêm hoặc trong môi trường công cộng nhờ tích hợp công nghệ Silent chống ồn. Với độ phân giải 1200 DPI và kết nối đầu thu USB Receiver ổn định trong phạm vi 10m, chuột giải quyết tốt các nhu cầu học tập và thao tác tin học văn phòng hàng ngày trên hệ điều hành Windows. Điểm nhấn nổi bật là trọng lượng siêu nhẹ chỉ 60g, sử dụng một viên pin AA tiện lợi, mang lại cảm giác cầm nắm chắc chắn và tính di động cao cho người dùng năng động."
9,1,Chuột Không Dây Silent Ugreen MU105,Ugreen ,160,mouse/mouse_3.jpg,"Chuột không dây Silent Ugreen MU105 màu hồng là dòng chuột quang không dây tối giản với thiết kế bo tròn chắc chắn, mang lại cảm giác cầm nắm êm ái và trang nhã cho không gian làm việc. Sản phẩm là lựa chọn tuyệt vời cho nhân viên văn phòng và người dùng sáng tạo cần độ chính xác cao trên nhiều hệ điều hành như Windows, macOS, Linux hay ChromeOS. Với độ phân giải lên đến 2400 DPI và công nghệ Silent chống ồn, chuột giải quyết tốt các tác vụ chỉnh sửa hình ảnh cơ bản và làm việc yên tĩnh trong môi trường công cộng. Điểm nhấn nổi bật là kết nối đầu thu USB ổn định trong phạm vi 10m, trọng lượng 100g đầm tay và sử dụng một viên pin AA tiện lợi, đảm bảo hiệu suất làm việc mượt mà và bền bỉ."
9,2,Chuột Không dây Silent Logitech M331,Logitech ,340,mouse/mouse_4.jpg,"Chuột không dây Silent Logitech M331 là dòng chuột quang công thái học cao cấp từ Thụy Sĩ, nổi bật với thiết kế dành riêng cho người thuận tay phải mang lại sự thoải mái tối ưu. Đây là lựa chọn hàng đầu cho giới văn phòng và người dùng di động cần sự tập trung nhờ công nghệ Silent Mice giảm đến 90% tiếng ồn khi click trên các hệ điều hành Windows, macOS hay Android. Với độ phân giải 1000 DPI chuẩn xác và kết nối đầu thu Nano ổn định trong phạm vi 10m, chuột giải quyết hoàn hảo nhu cầu làm việc mượt mà trên mọi bề mặt mà không gây tiếng động. Điểm nhấn vượt trội là thời lượng pin cực khủng lên đến 24 tháng chỉ với một viên pin AA, giúp người dùng hoàn toàn yên tâm sử dụng lâu dài và tiết kiệm chi phí."
9,2,Chuột Có dây Gaming Logitech G102 Gen2 Lightsync,Logitech ,400,mouse/mouse_5.jpg,"Chuột Gaming Logitech G102 Gen2 Lightsync là dòng chuột chơi game có dây huyền thoại phân khúc phổ thông từ Thụy Sĩ, nổi bật với thiết kế đối xứng gọn nhẹ phù hợp cho cả người thuận tay trái lẫn tay phải. Sản phẩm là lựa chọn quốc dân cho các game thủ, đặc biệt là người chơi FPS cần sự linh hoạt trong những cú vẩy chuột tốc độ cao nhờ trọng lượng chỉ 85g và mắt đọc Mercury 8000 DPI chuẩn xác. Với hệ thống đèn LED RGB Lightsync 16.8 triệu màu rực rỡ và 6 nút chức năng có thể lập trình qua Logitech G HUB, chuột giải quyết hoàn hảo nhu cầu cá nhân hóa phong cách và tối ưu hóa thao tác khi chiến game trên Windows. Điểm nhấn vượt trội là dây cáp dài 2.1m cực kỳ bền bỉ và cảm giác bấm tách rời nhạy bén, mang lại hiệu suất gaming chuyên nghiệp với mức giá cực kỳ tiếp cận."
9,2,Chuột không dây MicroPack MP-V01W,MicroPack ,480,mouse/mouse_6.jpg,"Chuột không dây Micropack MP-V01W màu xanh lá là dòng chuột quang công thái học cao cấp từ Hồng Kông, sở hữu thiết kế đứng độc đáo giúp giảm áp lực cổ tay và ngăn ngừa hội chứng ống cổ tay. Sản phẩm là lựa chọn hoàn hảo cho dân văn phòng và người dùng chuyên nghiệp thường xuyên làm việc cường độ cao trên Windows hoặc macOS. Với độ phân giải tối đa 1600 DPI và hệ thống 6 nút bấm chức năng, chuột giải quyết triệt để nhu cầu thao tác nhanh chóng và chính xác trong không gian làm việc hiện đại. Điểm nhấn nổi bật là kết nối không dây 2.4GHz ổn định trong phạm vi 10m, trọng lượng 99g đầm tay và sử dụng một viên pin AA tiện lợi, mang lại trải nghiệm sử dụng khỏe mạnh và bền bỉ trong tầm giá"
9,2,Chuột Có dây Gaming Dareu EM950,Dareu ,560,mouse/mouse_7.jpg,"Chuột Gaming DareU EM901X Ultralight là dòng chuột chơi game có dây siêu nhẹ với thiết kế đối xứng, mang lại sự linh hoạt tối đa cho cả người thuận tay trái lẫn tay phải. Đây là lựa chọn hàng đầu cho các game thủ chuyên nghiệp và người chơi hệ FPS cần tốc độ phản xạ cực nhanh nhờ trọng lượng siêu tối ưu chỉ 53g và cảm biến DareU AIM (PixArt PMW3389) đạt độ nhạy lên đến 18.000 DPI. Với hệ thống chân chuột PTFE mượt mà cùng dây cáp dài 182 cm, sản phẩm giải quyết triệt để nhu cầu di chuột không lực cản và độ trễ trên các hệ điều hành Windows hay macOS. Điểm nhấn vượt trội là khả năng tùy chỉnh qua ứng dụng AIM và tần số phản hồi 1000 Hz, giúp tối ưu hóa từng cú click chuẩn xác trong những trận đấu căng thẳng."
9,3,Chuột sạc Không dây Gaming Rapoo VT9 Air,Rapoo ,930,mouse/mouse_8.jpg,"Chuột gaming Rapoo VT9 Air là dòng chuột không dây siêu nhẹ (59g) với thiết kế vỏ ngoài trong suốt độc lạ, mang lại hiệu suất thi đấu đỉnh cao cho các game thủ chuyên nghiệp. Sản phẩm là lựa chọn hoàn hảo cho người chơi hệ tốc độ cần sự chính xác tuyệt đối nhờ cảm biến PAW3398 đạt 26.000 DPI và tốc độ phản hồi siêu tốc 4000Hz (Polling Rate). Với công nghệ phím bấm C+click đồng nhất và kết nối không dây V+ ổn định, chuột giải quyết triệt để vấn đề độ trễ và mỏi cổ tay trong các trận đấu kéo dài trên Windows. Điểm nhấn vượt trội là viên pin sạc dùng tới 180 tiếng qua cổng Type-C, hệ thống 8 nút bấm đa năng và khả năng di chuyển linh hoạt, giúp tối ưu hóa mọi pha xử lý chớp nhoáng trong thế giới ảo."
9,3,Chuột Có dây Gaming Razer Basilisk V3,Razer ,1200,mouse/mouse_9.jpg,"Chuột gaming Razer Basilisk V3 là dòng chuột có dây cao cấp với thiết kế công thái học chuyên dụng cho tay phải, mang lại sự thoải mái tuyệt đối cho game thủ và người làm việc sáng tạo trong thời gian dài. Sản phẩm là lựa chọn hàng đầu cho các tựa game FPS hay MOBA nhờ cảm biến Razer Focus+ 26.000 DPI siêu chính xác và switch quang học Gen 2 phản hồi tức thì. Với nút cuộn HyperScroll thông minh và hệ thống 11 nút bấm có thể lập trình qua Razer Synapse 3, chuột giải quyết hoàn hảo nhu cầu tùy biến sâu và thao tác đa nhiệm phức tạp trên Windows. Điểm nhấn vượt trội là dải đèn LED RGB Chroma 11 vùng rực rỡ, kết hợp cùng chân chuột PTFE mượt mà, giúp tối ưu hóa hiệu suất thi đấu và tạo nên phong cách chuyên nghiệp cho mọi góc máy."
9,3,Chuột sạc Bluetooth Gaming Razer Basilisk V3 Pro White,Razer ,3900,mouse/mouse_10.jpg,"Chuột gaming Razer Basilisk V3 Pro màu trắng là dòng chuột không dây hi-end với thiết kế công thái học tay phải đẳng cấp, mang lại sự thoải mái tuyệt đối cho game thủ chuyên nghiệp. Sản phẩm là lựa chọn hàng đầu cho các tác vụ chơi game và sáng tạo nhờ cảm biến Focus Pro 30K siêu chính xác cùng switch quang học Gen-3 bền bỉ. Với hệ thống 11 nút bấm có thể lập trình, nút cuộn HyperScroll thông minh và kết nối 3 chế độ linh hoạt, chuột giải quyết triệt để nhu cầu tùy biến sâu và hiệu suất cao trên Windows. Điểm nhấn vượt trội là dải đèn Razer Chroma RGB rực rỡ, thời lượng pin 150 giờ cùng khả năng sạc nhanh qua cổng Type-C, khẳng định vị thế dẫn đầu"
7,1,Tai nghe Có dây AVA+ PC-25,AVA+,70,earphones/earphones_1.jpg,"Tai nghe có dây AVA+ PC-25 là dòng tai nghe nhét tai phổ thông sở hữu thiết kế hiện đại, gọn nhẹ với khối lượng chỉ 13.6g, mang lại sự thoải mái tối ưu cho người dùng di động. Sản phẩm là lựa chọn kinh tế cho học sinh, sinh viên và nhân viên văn phòng cần một thiết bị âm thanh ổn định để học tập, họp online hay giải trí trên Android, iOS và Windows. Với Driver 10 mm mạnh mẽ cùng mic thoại tích hợp rõ ràng, tai nghe giải quyết tốt nhu cầu đàm thoại và tái hiện âm thanh chi tiết qua jack cắm 3.5 mm truyền thống. Điểm nhấn nổi bật là độ dài dây 1.16m linh hoạt cùng phím điều khiển vật lý tiện lợi, giúp tối ưu hóa trải nghiệm sử dụng hàng ngày một cách đơn giản và hiệu quả."
7,1,Tai nghe Bluetooth True Wireless Havit TW941,Havit ,190,earphones/earphones_2.jpg,"Tai nghe Bluetooth Havit TW941 là mẫu tai nghe True Wireless giá rẻ sở hữu thiết kế trẻ trung, siêu nhẹ chỉ 3g, mang lại cảm giác đeo thoải mái và thanh lịch cho người dùng trẻ. Với Driver 13 mm tiên tiến cùng kết nối Bluetooth 5.3 ổn định, sản phẩm giải quyết tốt nhu cầu nghe nhạc chi tiết và đàm thoại rõ nét trên mọi nền tảng từ iOS, Android đến Windows. Điểm nhấn vượt trội là tính năng Game Mode giảm độ trễ, điều khiển cảm ứng đa năng và tổng thời lượng pin lên đến 21 giờ kèm hộp sạc Type-C tiện lợi. Đây là lựa chọn tối ưu cho học sinh, sinh viên cần một thiết bị âm thanh bền bỉ, hiện đại để học tập và giải trí hàng ngày."
7,1,Tai nghe Chụp Tai Logitech H111,Logitech ,200,earphones/earphones_3.jpg,"Tai nghe chụp tai Logitech H111 là dòng tai nghe Headset có dây siêu nhẹ từ Thụy Sỹ, sở hữu thiết kế tối giản với trọng lượng chỉ 74g mang lại sự thoải mái tuyệt đối khi đeo cả ngày dài. Sản phẩm là lựa chọn quốc dân cho học sinh, sinh viên và nhân viên văn phòng chuyên dùng để học tập trực tuyến, họp video hoặc đàm thoại trên đa nền tảng như Windows, macOS, iOS và Android. Với công nghệ âm thanh nổi rõ nét và micro xoay 180 độ linh hoạt có khả năng giảm thiểu tiếng ồn, tai nghe giải quyết hoàn hảo nhu cầu giao tiếp chuẩn xác và nghe nhạc cơ bản qua jack cắm 3.5 mm phổ biến. Điểm nhấn vượt trội là dây cáp siêu dài 2.35m cho phép tự do di chuyển trong không gian làm việc và quai đeo tùy chỉnh linh hoạt, đảm bảo sự bền bỉ và tiện dụng tối đa cho người dùng."
7,2,Tai nghe TWS Alpha Works AW-Curve 200,Alpha Works,390,earphones/earphones_4.jpg,"Tai nghe Bluetooth TWS Alpha Works AW-Curve 200 là dòng tai nghe Earbuds không dây cao cấp từ Mỹ, nổi bật với thiết kế công thái học thanh lịch và trọng lượng siêu nhẹ chỉ 3.8g, mang lại cảm giác đeo êm ái suốt ngày dài. Sản phẩm là lựa chọn lý tưởng cho những người yêu âm nhạc và thường xuyên di chuyển nhờ công nghệ âm thanh Hi-Fi trung thực kết hợp cùng Driver 13 mm mạnh mẽ, giúp tái hiện dải âm uy lực và chi tiết. Với hệ thống 4 micro tích hợp công nghệ chống ồn môi trường (ENC), tai nghe giải quyết triệt để nhu cầu đàm thoại rõ nét và nghe nhạc tập trung trên các thiết bị iOS, Android hay Windows. Điểm nhấn vượt trội là khả năng kháng nước IPX4 bền bỉ, kết nối Bluetooth 5.4 tiên tiến cùng tổng thời lượng pin lên đến 20 giờ và tính năng sạc nhanh tiện lợi, sẵn sàng đồng hành cùng bạn trong mọi hoạt động tập luyện hay làm việc hàng ngày."
7,2,Tai nghe chụp tai Sony MDR-ZX110AP,Sony,380,earphones/earphones_5.jpg,"Tai nghe chụp tai Sony MDR-ZX110AP là dòng tai nghe có dây mang phong cách Nhật Bản với thiết kế gọn gàng, sành điệu và khả năng gấp gọn linh hoạt, cực kỳ tiện lợi để bỏ vào balo hay túi xách. Sản phẩm là lựa chọn ưu tiên cho học sinh, sinh viên và người dùng trẻ cần một thiết bị âm thanh bền bỉ, thoải mái để học tập và giải trí trên đa nền tảng như Windows, Android, iOS hay Windows Phone. Với màng loa Dynamic Neodymium 30 mm cùng đệm tai mềm mại, tai nghe giải quyết tốt nhu cầu thưởng thức âm thanh rõ ràng, âm bass trầm ấm mà không gây đau tai khi sử dụng trong thời gian dài qua jack cắm 3.5 mm. Điểm nhấn nổi bật là phần quai đeo tùy chỉnh linh hoạt thêm 4.5 cm, tích hợp mic thoại và phím điều khiển đa năng ngay trên dây dài 1.2 m, giúp tối ưu hóa việc nhận cuộc gọi và chuyển bài hát một cách nhanh chóng."
7,2,Tai nghe Bluetooth Open-Ear OWS Rezo MuseGo 2,Rezo,490,earphones/earphones_6.jpg,"Tai nghe Bluetooth TWS Rezo màu be là dòng tai nghe không dây phân khúc tầm trung sở hữu thiết kế thời thượng và nhỏ gọn với khối lượng chỉ 5g, mang lại cảm giác đeo nhẹ nhàng và tinh tế. Sản phẩm là lựa chọn lý tưởng cho giới trẻ và nhân viên văn phòng cần một thiết bị âm thanh hiện đại, hỗ trợ đàm thoại và giải trí mượt mà trên các hệ điều hành iOS, Android hay Windows. Với Driver 10 mm cùng công nghệ kết nối Bluetooth 6.0 tiên tiến, tai nghe giải quyết tốt nhu cầu nghe nhạc chi tiết và kết nối ổn định trong phạm vi rộng. Điểm nhấn vượt trội là màn hình hiển thị dung lượng pin trực quan trên hộp sạc, tổng thời lượng sử dụng lên đến 22 giờ và hệ thống điều khiển cảm ứng đa năng, giúp tối ưu hóa trải nghiệm sử dụng hàng ngày một cách thông minh và tiện lợi."
7,2,Tai nghe Bluetooth Chụp Tai Baseus Bass 35 Max ,Baseus ,500,earphones/earphones_7.jpg,"Tai nghe Bluetooth chụp tai Baseus Bass 35 Max là dòng tai nghe không dây hiện đại sở hữu thiết kế sang trọng với đệm tai êm ái, mang lại sự thoải mái tuyệt đối cho người dùng trong những phiên nghe nhạc kéo dài. Sản phẩm là lựa chọn tối ưu cho những người trẻ năng động và dân văn phòng cần sự tập trung cao độ nhờ sự kết hợp giữa công nghệ âm thanh vòm (Surround Sound) và khả năng chống ồn (ENC/Passive Noise Cancellation) trên các hệ điều hành iOS, Android hay Windows. Với Driver tích hợp công nghệ Dynamic Bass Boost mạnh mẽ cùng kết nối Bluetooth 5.3 ổn định, tai nghe giải quyết triệt để nhu cầu thưởng thức âm nhạc chất lượng cao và đàm thoại rõ nét. Điểm nhấn vượt trội là thời lượng pin cực khủng lên tới 50 giờ, khả năng gấp gọn tiện lợi và hỗ trợ tùy chỉnh qua ứng dụng Baseus, đảm bảo trải nghiệm giải trí không gián đoạn suốt nhiều ngày liền."
7,3,AirPods Max,Apple,15000,earphones/earphones_8.jpg,"Tai nghe chụp tai AirPods Max (2024) là dòng tai nghe không dây ultra-hi-end từ Apple, gây ấn tượng mạnh với sự chuyển đổi sang cổng sạc USB-C hiện đại và bảng màu trẻ trung như cam, tím, vàng. Sản phẩm là lựa chọn tối thượng cho những tín đồ công nghệ và người dùng chuyên nghiệp trong hệ sinh thái Apple cần một thiết bị âm thanh đẳng cấp, kết hợp giữa thời trang và hiệu suất vượt trội. Với chip H1 mạnh mẽ ở mỗi bên tai cùng công nghệ Adaptive EQ và Spatial Audio (âm thanh không gian), tai nghe giải quyết hoàn hảo nhu cầu thưởng thức âm thanh rạp hát sống động và cá nhân hóa trên iPhone, iPad hay MacBook. Điểm nhấn đặc biệt nằm ở khả năng chống ồn chủ động (ANC) Pro đỉnh cao, chế độ xuyên âm linh hoạt và thiết kế lưới thoáng khí độc đáo giúp giảm áp lực khi đeo lâu, đi kèm thời lượng pin 20 giờ bền bỉ giúp nâng tầm trải nghiệm giải trí lên một tiêu chuẩn mới trong tầm giá 13.190.000₫."
7,3,Tai nghe Bluetooth chụp tai JBL Tour One M3,JBL ,9600,earphones/earphones_9.jpg,"Tai nghe chụp tai JBL Tour One M2 màu vàng lấp lánh là dòng tai nghe không dây Hi-End từ Mỹ, sở hữu thiết kế sang trọng và công nghệ âm thanh đỉnh cao, mang lại trải nghiệm giải trí đẳng cấp cho người dùng chuyên nghiệp. Sản phẩm là lựa chọn hàng đầu cho những tín đồ âm nhạc khắt khe nhờ sự kết hợp giữa chất âm JBL Pro Sound mạnh mẽ, chuẩn Hi-Res Audio và codec LDAC truyền tải âm thanh chất lượng cao trên các hệ điều hành iOS, Android hay Windows. Với công nghệ True Adaptive Noise Cancelling tự động điều chỉnh theo môi trường và âm thanh không gian 360 Spatial Sound, tai nghe giải quyết triệt để nhu cầu tĩnh lặng tuyệt đối và không gian âm nhạc sống động như rạp hát. Điểm nhấn vượt trội là thời lượng pin cực khủng lên đến 70 giờ, khả năng kết nối Auracast hiện đại cùng tính năng Smart Talk thông minh, giúp tối ưu hóa việc giao tiếp và thưởng thức âm thanh không gián đoạn trong suốt nhiều ngày liền."
7,3,Tai nghe Bluetooth True Wireless Bowers & Wilkins Pi7 S2,Bowers & Wilkins,11280,earphones/earphones_10.jpg,"Tai nghe Bluetooth TWS Bowers & Wilkins Pi5 S2 là dòng tai nghe không dây Hi-end đến từ Anh Quốc, sở hữu thiết kế mang hơi hướng tương lai (futuristic) độc đáo, mang lại vẻ ngoài đẳng cấp và khác biệt cho người sở hữu. Sản phẩm là lựa chọn ưu tiên cho những tín đồ âm thanh khắt khe nhờ sự kết hợp giữa Driver 9.2 mm mạnh mẽ và công nghệ Qualcomm aptX, giúp tái hiện chất âm chi tiết, trung thực trên các nền tảng iOS, Android hay Windows. Với hệ thống chống ồn chủ động (ANC) cùng công nghệ lọc âm DSP tiên tiến, tai nghe giải quyết triệt để nhu cầu thưởng thức âm nhạc yên tĩnh và đàm thoại trong trẻo thông qua 3 micro chống ồn tích hợp. Điểm nhấn vượt trội nằm ở khả năng sạc không dây hiện đại, chuẩn kháng nước bụi IP54 bền bỉ và tổng thời lượng pin lên đến 21 giờ, đảm bảo trải nghiệm giải trí sang trọng và tiện nghi mọi lúc mọi nơi."
6,1,Màn hình E-DRA EGM24F120PV 24 inch,E-DRA,1790,monitor/monitor_1.jpg,"Màn hình E-DRA EGM24F120PV 24 inch là dòng màn hình phổ thông giá rẻ đến từ thương hiệu E-DRA, sở hữu thiết kế hiện đại và tối giản, mang lại giải pháp hiển thị tiết kiệm cho người dùng cơ bản. Sản phẩm là lựa chọn phù hợp cho học sinh, sinh viên và nhân viên văn phòng cần một thiết bị hiển thị ổn định để học tập, làm việc và giải trí nhẹ nhàng trên các hệ điều hành phổ biến. Với kích thước 24 inch cùng độ phân giải Full HD và tần số quét 120Hz, màn hình đáp ứng tốt nhu cầu sử dụng hàng ngày với hình ảnh rõ nét và chuyển động mượt mà hơn so với các dòng 60Hz truyền thống. Điểm nhấn của sản phẩm nằm ở mức giá dễ tiếp cận, kết hợp cùng hiệu năng ổn định và thiết kế gọn gàng, đảm bảo trải nghiệm sử dụng lâu dài trong phân khúc phổ thông."
6,1,Màn hình LG 24U411A-B 24 inch,LG,2290,monitor/monitor_2.jpg,"Màn hình LG 24U411A-B 24 inch là dòng màn hình văn phòng chất lượng cao đến từ thương hiệu LG, nổi bật với thiết kế tinh tế và độ hoàn thiện bền bỉ, mang lại trải nghiệm hiển thị ổn định trong môi trường làm việc chuyên nghiệp. Sản phẩm phù hợp cho nhân viên văn phòng, học sinh và người dùng phổ thông cần một màn hình đáng tin cậy để xử lý công việc, học tập và giải trí đa phương tiện. Với tấm nền IPS cùng độ phân giải Full HD, màn hình cho góc nhìn rộng và màu sắc trung thực, hỗ trợ tối ưu cho các tác vụ kéo dài. Điểm mạnh của sản phẩm nằm ở sự cân bằng giữa chất lượng hiển thị, độ bền thương hiệu và khả năng vận hành ổn định lâu dài."
6,1,Màn hình ASUS VU249CFE 24 inch,ASUS,2790,monitor/monitor_3.jpg,"Màn hình ASUS VU249CFE 24 inch là dòng màn hình đa dụng đến từ thương hiệu ASUS, sở hữu thiết kế thanh lịch cùng hiệu năng ổn định, phù hợp với nhiều nhu cầu sử dụng khác nhau. Sản phẩm hướng đến người dùng văn phòng, sinh viên và người làm việc tại nhà cần một thiết bị hiển thị linh hoạt cho cả công việc lẫn giải trí. Với kích thước 24 inch, tấm nền chất lượng cao và độ phân giải Full HD, màn hình mang lại hình ảnh sắc nét và dễ chịu cho mắt khi sử dụng lâu dài. Điểm nhấn của sản phẩm nằm ở thiết kế hiện đại, khả năng hiển thị ổn định và độ bền cao, giúp tối ưu hiệu suất làm việc hàng ngày."
6,1,Màn hình MSI MAG 245F 23.8 inch,MSI,2990,monitor/monitor_4.jpg,"Màn hình MSI MAG 245F 23.8 inch là dòng màn hình gaming phổ thông đến từ thương hiệu MSI, được thiết kế mạnh mẽ và tối ưu cho trải nghiệm chơi game mượt mà. Sản phẩm là lựa chọn phù hợp cho game thủ và người dùng yêu thích giải trí tốc độ cao cần một màn hình có hiệu năng tốt trong tầm giá hợp lý. Với tần số quét 144Hz cùng độ phân giải Full HD, màn hình mang lại chuyển động mượt mà, giảm hiện tượng xé hình khi chơi game. Điểm nổi bật của sản phẩm nằm ở hiệu năng gaming ổn định, thiết kế đậm chất game thủ và khả năng đáp ứng tốt nhu cầu giải trí đa dạng."
6,1,Màn hình LG UltraGear 27G411A-B 27 inch,LG UltraGear,2890,monitor/monitor_5.jpg,"Màn hình LG UltraGear 27G411A-B 27 inch là dòng màn hình gaming thuộc phân khúc phổ thông đến từ thương hiệu LG UltraGear, nổi bật với thiết kế hiện đại và hiệu năng mạnh mẽ dành cho game thủ. Sản phẩm phù hợp với người chơi game và người dùng cần màn hình lớn để làm việc đa nhiệm và giải trí. Với kích thước 27 inch, tần số quét cao và tấm nền IPS, màn hình mang lại hình ảnh sắc nét, màu sắc sống động và chuyển động mượt mà. Điểm nhấn của sản phẩm nằm ở sự cân bằng giữa kích thước lớn, hiệu năng gaming và mức giá hợp lý."
6,1,Màn hình MSI MAG 275CQF E18 27 inch,MSI,3890,monitor/monitor_6.jpg,"Màn hình MSI MAG 275CQF E18 27 inch là dòng màn hình gaming tầm trung đến từ thương hiệu MSI, sở hữu thiết kế cong hiện đại và cấu hình mạnh mẽ dành cho trải nghiệm chơi game nâng cao. Sản phẩm hướng đến game thủ cần hiệu năng cao hơn với độ phân giải 2K và tần số quét 180Hz. Màn hình mang lại hình ảnh chi tiết, sắc nét cùng chuyển động cực kỳ mượt mà trong các tựa game tốc độ cao. Điểm nổi bật nằm ở sự kết hợp giữa độ phân giải cao, tần số quét vượt trội và thiết kế cong tăng tính nhập vai."
6,2,Màn hình Samsung Odyssey G5 32 inch,Samsung,5590,monitor/monitor_7.jpg,"Màn hình Samsung Odyssey G5 32 inch là dòng màn hình gaming cong đến từ thương hiệu Samsung, được thiết kế nhằm mang lại trải nghiệm chơi game sống động và chân thực hơn. Sản phẩm phù hợp với game thủ và người dùng yêu thích màn hình kích thước lớn cho nhu cầu giải trí và làm việc đa nhiệm. Với độ phân giải 2K, tần số quét cao và thiết kế cong đặc trưng, màn hình giúp tăng độ bao phủ tầm nhìn và giảm mỏi mắt khi sử dụng lâu dài. Điểm nhấn của sản phẩm nằm ở trải nghiệm hình ảnh immersive và hiệu năng ổn định trong phân khúc."
6,2,Màn hình Xiaomi Gaming G34WQi 34 inch,Xiaomi,6490,monitor/monitor_8.jpg,"Màn hình Xiaomi Gaming G34WQi 34 inch là dòng màn hình ultrawide đến từ thương hiệu Xiaomi, nổi bật với thiết kế cong hiện đại và không gian hiển thị rộng rãi. Sản phẩm là lựa chọn lý tưởng cho người dùng cần làm việc đa nhiệm hoặc chơi game với góc nhìn rộng hơn. Với tỷ lệ màn hình 21:9, độ phân giải cao và tần số quét tốt, màn hình mang lại trải nghiệm hình ảnh bao quát và mượt mà. Điểm mạnh của sản phẩm nằm ở khả năng tối ưu không gian làm việc và giải trí với mức giá cạnh tranh."
6,2,Màn hình ViewSonic VX3418C-2K 34 inch,ViewSonic,7350,monitor/monitor_9.jpg,"Màn hình ViewSonic VX3418C-2K 34 inch là dòng màn hình gaming ultrawide đến từ thương hiệu ViewSonic, được thiết kế nhằm đáp ứng nhu cầu chơi game tốc độ cao và làm việc đa nhiệm chuyên sâu. Sản phẩm phù hợp với game thủ và người dùng chuyên nghiệp cần không gian hiển thị lớn và hiệu năng cao. Với độ phân giải 2K, tần số quét cao và thiết kế cong, màn hình mang lại trải nghiệm hình ảnh mượt mà và bao quát. Điểm nổi bật nằm ở hiệu năng mạnh mẽ và khả năng hiển thị rộng, phù hợp cho cả công việc lẫn giải trí."
6,3,Màn hình MSI MPG 341CQPX QD-OLED 34 inch,MSI,23900,monitor/monitor_10.jpg,"Màn hình MSI MPG 341CQPX QD-OLED 34 inch là dòng màn hình cao cấp đến từ thương hiệu MSI, tích hợp công nghệ QD-OLED tiên tiến mang lại chất lượng hiển thị vượt trội. Sản phẩm hướng đến game thủ chuyên nghiệp và người làm sáng tạo nội dung cần độ chính xác màu sắc cao và hiệu năng hiển thị hàng đầu. Với độ tương phản sâu, màu sắc rực rỡ và tốc độ phản hồi cực nhanh, màn hình mang lại trải nghiệm hình ảnh đỉnh cao. Điểm nhấn vượt trội nằm ở công nghệ hiển thị tiên tiến, thiết kế cao cấp và khả năng đáp ứng mọi nhu cầu từ gaming đến sáng tạo chuyên nghiệp."
8,1,Laptop ASUS Vivobook Go 14 E1404FA‑NK113W,ASUS,7890,laptop/laptop_1.jpg,"Laptop ASUS Vivobook Go 14 là dòng laptop phổ thông đến từ thương hiệu ASUS, sở hữu thiết kế mỏng nhẹ và tối giản, mang lại sự linh hoạt tối ưu cho nhu cầu học tập và làm việc cơ bản. Sản phẩm là lựa chọn phù hợp cho học sinh, sinh viên và nhân viên văn phòng cần một thiết bị gọn nhẹ để xử lý các tác vụ như soạn thảo văn bản, học online và lướt web trên các hệ điều hành phổ biến. Với màn hình 14 inch cùng hiệu năng tiết kiệm điện năng, laptop đáp ứng tốt nhu cầu sử dụng hàng ngày với độ ổn định cao. Điểm nhấn vượt trội là thiết kế di động, thời lượng pin ổn định và mức giá dễ tiếp cận, đảm bảo hiệu suất sử dụng lâu dài trong môi trường học tập và làm việc nhẹ."
8,1,Laptop Lenovo Ideapad 3 Chromebook 14,Lenovo,8490,laptop/laptop_2.jpg,"Laptop Lenovo Ideapad 3 Chromebook 14 là dòng máy tính xách tay chạy hệ điều hành ChromeOS đến từ thương hiệu Lenovo, sở hữu thiết kế đơn giản và tối ưu cho trải nghiệm học tập trực tuyến. Sản phẩm là lựa chọn phù hợp cho học sinh, sinh viên và người dùng cơ bản cần một thiết bị truy cập internet nhanh chóng và ổn định. Với màn hình 14 inch và khả năng khởi động gần như tức thì, laptop mang lại trải nghiệm mượt mà cho các tác vụ web-based như Google Docs, Zoom và trình duyệt web. Điểm nhấn của sản phẩm nằm ở tốc độ phản hồi nhanh, tính ổn định cao và hệ sinh thái Google tích hợp sâu, giúp tối ưu hóa hiệu suất học tập."
8,1,Laptop HP 15 Intel Core i3,HP,10490,laptop/laptop_3.jpg,"Laptop HP 15 Intel Core i3 là dòng laptop văn phòng phổ thông đến từ thương hiệu HP, sở hữu thiết kế truyền thống nhưng chắc chắn, phù hợp cho môi trường học tập và làm việc cơ bản. Sản phẩm là lựa chọn phù hợp cho sinh viên và nhân viên văn phòng cần một thiết bị ổn định để xử lý các tác vụ như Word, Excel và duyệt web. Với màn hình 15.6 inch Full HD cùng bộ vi xử lý Intel Core i3, laptop mang lại trải nghiệm sử dụng mượt mà trong các tác vụ hàng ngày. Điểm nhấn vượt trội nằm ở độ bền thương hiệu, khả năng vận hành ổn định và mức giá hợp lý trong phân khúc phổ thông."
8,1,Laptop Dell Pro Essential 15,Dell,11990,laptop/laptop_4.jpg,"Laptop Dell Pro Essential 15 là dòng máy tính xách tay phổ thông đến từ thương hiệu Dell, được thiết kế hướng đến sự bền bỉ và ổn định trong môi trường làm việc lâu dài. Sản phẩm phù hợp cho nhân viên văn phòng và sinh viên cần một thiết bị đáng tin cậy để xử lý công việc hàng ngày. Với màn hình 15.6 inch và hiệu năng ổn định, laptop đáp ứng tốt các tác vụ văn phòng, học tập và giải trí nhẹ. Điểm nhấn của sản phẩm nằm ở độ bền cao, khả năng vận hành ổn định và thiết kế thực dụng, phù hợp với môi trường làm việc chuyên nghiệp."
8,1,Laptop ASUS E14 14 inch,ASUS,12490,laptop/laptop_5.jpg,"Laptop ASUS E14 14 inch là dòng laptop giá rẻ đến từ thương hiệu ASUS, sở hữu thiết kế nhỏ gọn và đơn giản, phù hợp cho nhu cầu sử dụng cơ bản hàng ngày. Sản phẩm là lựa chọn phù hợp cho học sinh, sinh viên cần một thiết bị phục vụ học tập và làm việc nhẹ. Với màn hình 14 inch và cấu hình tiết kiệm điện, laptop đáp ứng tốt các tác vụ như soạn thảo văn bản, học online và lướt web. Điểm nhấn của sản phẩm nằm ở mức giá dễ tiếp cận, thiết kế gọn nhẹ và khả năng hoạt động ổn định trong phân khúc thấp."
8,2,Laptop HP 15 FD0185NR Core i5,HP,13290,laptop/laptop_6.jpg,"Laptop HP 15 FD0185NR Core i5 là dòng laptop tầm trung đến từ thương hiệu HP, sở hữu thiết kế hiện đại và hiệu năng ổn định, phù hợp cho nhu cầu làm việc nâng cao. Sản phẩm là lựa chọn phù hợp cho sinh viên ngành kỹ thuật, kinh tế và nhân viên văn phòng cần xử lý đa nhiệm. Với bộ vi xử lý Intel Core i5 cùng màn hình 15.6 inch Full HD, laptop mang lại khả năng xử lý mượt mà các tác vụ như Excel nâng cao, lập trình cơ bản và chỉnh sửa tài liệu. Điểm nhấn của sản phẩm nằm ở hiệu năng ổn định, khả năng đa nhiệm tốt và độ bền cao."
8,2,Laptop Teclast F15,Teclast,7990,laptop/laptop_7.jpg,"Laptop Teclast F15 là dòng laptop giá tầm trung đến từ thương hiệu Teclast, sở hữu thiết kế đơn giản và hướng đến người dùng phổ thông cần hiệu năng ổn định. Sản phẩm phù hợp cho sinh viên và nhân viên văn phòng cần một thiết bị để học tập, làm việc và giải trí nhẹ. Với màn hình 15.6 inch và cấu hình cân bằng, laptop đáp ứng tốt các tác vụ cơ bản và đa nhiệm nhẹ. Điểm nhấn của sản phẩm nằm ở mức giá hợp lý, thiết kế tối giản và hiệu năng đủ dùng cho nhu cầu hàng ngày."
8,3,Laptop HP 15‑fd0015TU i7 Touch,HP,20990,laptop/laptop_8.jpg,"Laptop HP 15‑fd0015TU i7 Touch là dòng laptop cao hơn trong phân khúc tầm trung đến từ thương hiệu HP, sở hữu màn hình cảm ứng hiện đại và hiệu năng mạnh mẽ hơn. Sản phẩm phù hợp cho người dùng cần khả năng xử lý đa nhiệm, học tập nâng cao và làm việc bán chuyên. Với bộ vi xử lý Intel Core i7 cùng màn hình cảm ứng 15.6 inch, laptop mang lại trải nghiệm tương tác linh hoạt và hiệu suất cao hơn trong các tác vụ văn phòng nâng cao. Điểm nhấn vượt trội nằm ở khả năng đa nhiệm mạnh mẽ, màn hình cảm ứng tiện lợi và thiết kế hiện đại."
8,3,Laptop Ninkear S14 AMD Ryzen 7535HS,Ninkear,19074,laptop/laptop_9.jpg,"Laptop Ninkear S14 Ryzen là dòng laptop tầm trung đến từ thương hiệu Ninkear, sở hữu thiết kế mỏng nhẹ và hiệu năng tốt trong tầm giá. Sản phẩm phù hợp cho người dùng cần một thiết bị mạnh hơn để học tập nâng cao, lập trình và xử lý công việc đa nhiệm. Với vi xử lý AMD Ryzen cùng màn hình 14 inch sắc nét, laptop mang lại hiệu suất ổn định và khả năng xử lý tốt các tác vụ nặng hơn văn phòng cơ bản. Điểm nhấn của sản phẩm nằm ở hiệu năng/giá thành tốt, thiết kế di động và khả năng đáp ứng đa nhiệm."
8,3,Laptop MSI Thin A15 Gaming,MSI,26990,laptop/laptop_10.jpg,"Laptop MSI Thin A15 Gaming là dòng laptop gaming cao cấp đến từ thương hiệu MSI, sở hữu thiết kế mạnh mẽ và cấu hình hiệu năng cao dành cho game thủ và người làm đồ họa. Sản phẩm là lựa chọn phù hợp cho người dùng cần hiệu năng lớn để chơi game AAA, lập trình nặng hoặc xử lý đồ họa. Với bộ vi xử lý mạnh và GPU rời, laptop mang lại trải nghiệm mượt mà trong các tác vụ nặng và game tốc độ cao. Điểm nhấn vượt trội nằm ở hiệu năng gaming mạnh, khả năng xử lý đồ họa tốt và thiết kế tối ưu cho hiệu suất."
10,1,Loa Anker Soundcore 2,Anker,737,speaker/speaker_1.jpg,"Loa Anker Soundcore 2 là dòng loa Bluetooth không dây đến từ thương hiệu Anker của Mỹ, sở hữu thiết kế nhỏ gọn nhưng bền bỉ cùng công nghệ âm thanh tiên tiến, mang lại trải nghiệm giải trí linh hoạt cho người dùng hiện đại. Sản phẩm là lựa chọn lý tưởng cho nhu cầu nghe nhạc hàng ngày nhờ chất âm stereo cân bằng, bass được tăng cường với công nghệ BassUp độc quyền và khả năng tái tạo âm thanh ổn định trong nhiều không gian khác nhau. Với chuẩn chống nước IPX7 và thời lượng pin lên đến 24 giờ, loa đáp ứng tốt các hoạt động ngoài trời, du lịch hay sử dụng liên tục trong thời gian dài. Điểm nhấn nổi bật là khả năng kết nối Bluetooth ổn định và thiết kế chắc chắn, giúp người dùng tận hưởng âm nhạc mọi lúc mọi nơi một cách tiện lợi."
10,1,Loa Eufy Sport A3182H12,Eufy,696,speaker/speaker_2.jpg,"Loa Eufy Sport A3182H12 là dòng loa Bluetooth nhỏ gọn thuộc hệ sinh thái Anker đến từ Mỹ, nổi bật với thiết kế năng động và khả năng hoạt động bền bỉ trong nhiều điều kiện sử dụng khác nhau. Sản phẩm mang đến trải nghiệm âm thanh rõ ràng với dải mid và treble cân đối, phù hợp cho nhu cầu nghe nhạc, podcast hay giải trí cá nhân. Với khả năng chống nước, chống bụi cùng thiết kế dễ mang theo, loa là người bạn đồng hành lý tưởng cho các hoạt động thể thao và dã ngoại. Điểm nhấn đáng chú ý là thời lượng pin ổn định và khả năng kết nối nhanh chóng, mang lại trải nghiệm âm thanh tiện lợi và linh hoạt."
10,1,Loa True Wireless Speaker Black,Fuse Audio,278,speaker/speaker_3.jpg,"Loa Fuse Audio True Wireless Speaker Black là dòng loa Bluetooth giá phổ thông đến từ thương hiệu Fuse Audio, sở hữu thiết kế đơn giản, gọn nhẹ và dễ sử dụng, phù hợp với người dùng cơ bản. Sản phẩm mang đến trải nghiệm âm thanh vừa đủ với khả năng phát nhạc ổn định, đáp ứng nhu cầu nghe nhạc giải trí nhẹ nhàng trong không gian cá nhân. Với khả năng kết nối không dây tiện lợi và thiết kế di động, loa phù hợp để sử dụng trong phòng ngủ, bàn làm việc hoặc mang theo khi di chuyển. Điểm mạnh của sản phẩm nằm ở mức giá dễ tiếp cận cùng sự tiện dụng trong quá trình sử dụng hàng ngày."
10,2,Loa JBL Flip Essential 2,JBL,1711,speaker/speaker_4.jpg,"Loa JBL Flip Essential 2 là dòng loa Bluetooth không dây đến từ thương hiệu JBL danh tiếng của Mỹ, sở hữu thiết kế hiện đại, bền bỉ cùng công nghệ âm thanh JBL Pro Sound mạnh mẽ, mang lại trải nghiệm âm nhạc sống động và giàu năng lượng. Sản phẩm là lựa chọn hoàn hảo cho người dùng yêu thích âm bass chắc khỏe, âm lượng lớn và độ chi tiết cao trong nhiều thể loại nhạc. Với chuẩn chống nước IPX7 và thiết kế tối ưu cho di động, loa phù hợp cho cả sử dụng trong nhà lẫn các chuyến đi ngoài trời. Điểm nhấn nổi bật là khả năng kết nối ổn định và hiệu suất âm thanh vượt trội trong phân khúc, mang đến trải nghiệm giải trí đầy ấn tượng."
10,2,Loa Anker Soundcore 3 A3117,Anker,1846,speaker/speaker_5.jpg,"Loa Anker Soundcore 3 A3117 là dòng loa Bluetooth tầm trung đến từ Anker (Mỹ), nổi bật với thiết kế nhỏ gọn, chắc chắn cùng hệ thống driver kép mang lại âm thanh stereo mạnh mẽ và cân bằng. Sản phẩm mang đến trải nghiệm nghe nhạc chất lượng cao nhờ công nghệ BassUp tăng cường dải trầm và khả năng tùy chỉnh EQ linh hoạt qua ứng dụng. Với chuẩn chống nước IPX7 và thời lượng pin dài, loa phù hợp cho cả nhu cầu sử dụng trong nhà và ngoài trời. Điểm nhấn đặc biệt là khả năng ghép đôi nhiều loa qua PartyCast, giúp mở rộng không gian âm thanh một cách ấn tượng."
10,2,Loa JBL Charge Essential,JBL,2106,speaker/speaker_6.jpg,"Loa JBL Charge Essential là dòng loa Bluetooth cao cấp đến từ JBL (Mỹ), sở hữu thiết kế chắc chắn cùng hiệu năng mạnh mẽ, mang lại trải nghiệm âm thanh sống động và đầy nội lực. Sản phẩm nổi bật với chất âm cân bằng, bass sâu và khả năng phát nhạc ở âm lượng lớn mà vẫn giữ được độ chi tiết cao. Với thời lượng pin dài và khả năng kiêm sạc dự phòng cho thiết bị khác, loa đáp ứng hoàn hảo nhu cầu sử dụng liên tục trong các chuyến đi. Điểm nhấn đáng giá là sự kết hợp giữa hiệu năng âm thanh và tính tiện ích, mang đến trải nghiệm toàn diện cho người dùng."
10,2,Loa Anker Soundcore Motion Boom A3118,Anker,2251,speaker/speaker_7.jpg,"Loa Anker Soundcore Motion Boom A3118 là dòng loa Bluetooth công suất lớn đến từ Anker, được thiết kế tối ưu cho nhu cầu giải trí ngoài trời với âm thanh mạnh mẽ và độ phủ rộng. Sản phẩm sở hữu công nghệ BassUp cùng driver hiệu suất cao, mang lại dải trầm sâu và âm lượng ấn tượng. Với chuẩn chống nước IPX7 và khả năng nổi trên nước, loa đặc biệt phù hợp cho các buổi tiệc hồ bơi hoặc dã ngoại. Điểm nổi bật là thời lượng pin dài và khả năng kết nối PartyCast, giúp tạo nên không gian âm nhạc sôi động và linh hoạt."
10,3,Loa JBL Flip 7,JBL,3475,speaker/speaker_8.jpg,"Loa JBL Flip 7 là dòng loa Bluetooth thế hệ mới đến từ JBL, sở hữu thiết kế hiện đại, trẻ trung cùng công nghệ âm thanh JBL Pro Sound được nâng cấp, mang lại trải nghiệm nghe nhạc mạnh mẽ và chi tiết hơn. Sản phẩm phù hợp cho người dùng yêu thích sự linh hoạt với thiết kế nhỏ gọn nhưng vẫn đảm bảo hiệu suất âm thanh ấn tượng. Với khả năng chống nước, chống bụi chuẩn cao cùng thời lượng pin ổn định, loa dễ dàng đồng hành trong mọi hoạt động. Điểm nhấn nổi bật là khả năng kết nối đa loa tiên tiến, giúp mở rộng không gian âm thanh một cách mạnh mẽ."
10,3,Loa Soundcore Boom 3i,Anker,4567,speaker/speaker_9.jpg,"Loa Soundcore Boom 3i là dòng loa Bluetooth cao cấp đến từ Anker, được thiết kế hướng đến trải nghiệm âm thanh mạnh mẽ với công suất lớn và dải bass sâu ấn tượng. Sản phẩm sở hữu thiết kế chắc chắn, hiện đại cùng khả năng chống nước, chống va đập tốt, phù hợp cho các hoạt động ngoài trời. Với hệ thống âm thanh tối ưu và khả năng kết nối linh hoạt, loa mang lại trải nghiệm giải trí sống động trong mọi không gian. Điểm nổi bật là hiệu năng cao cùng độ bền vượt trội, đáp ứng nhu cầu sử dụng chuyên sâu."
10,3,Loa JBL PartyBox Encore Essential 2,JBL,8866,speaker/speaker_10.jpg,"Loa JBL PartyBox Encore Essential 2 là dòng loa Bluetooth cao cấp dành cho tiệc tùng đến từ JBL (Mỹ), sở hữu thiết kế mạnh mẽ cùng hệ thống âm thanh công suất lớn, mang lại trải nghiệm âm nhạc bùng nổ như sân khấu chuyên nghiệp. Sản phẩm nổi bật với chất âm bass sâu, lực đánh mạnh cùng hiệu ứng đèn LED sống động, tạo nên không gian giải trí đầy màu sắc. Với khả năng kết nối linh hoạt, hỗ trợ micro và thời lượng pin ổn định, loa đáp ứng hoàn hảo cho các buổi party, sự kiện hay karaoke. Điểm nhấn vượt trội là sự kết hợp giữa âm thanh mạnh mẽ và hiệu ứng ánh sáng, mang đến trải nghiệm giải trí đỉnh cao và đầy cảm xúc."
,,,,,,
,,,,,,
,,,,,,
